2026-08-29T06:44:07+00:00 INFO    [event=application.started] IPTV-API 版本: 3.0.0 (构建时间: 2026-08-07 11:45:59)
2026-08-29T06:44:07+00:00 INFO    [phase=prepare event=network.ipv6.checking] 🛜 正在检查当前网络是否支持IPv6...
2026-08-29T06:44:07+00:00 WARNING [phase=prepare event=network.ipv6.unsupported] 当前网络不支持IPv6，别担心，IPv6的结果会被保存下来
2026-08-29T06:44:07+00:00 INFO    [run=b3f94fccbe6e42498871dbbb07bf8812 phase=prepare event=run.started] 性能模式: auto → balance，可用资源: 4.0 CPU / 15.61 GB，并发: 测速 8、媒体探测 2、源抓取 8
2026-08-29T06:44:07+00:00 INFO    [run=b3f94fccbe6e42498871dbbb07bf8812 phase=prepare event=channels.catalog_loaded] 频道目录已加载：白名单 0，黑名单 2，台标 21
2026-08-29T06:44:07+00:00 INFO    [run=b3f94fccbe6e42498871dbbb07bf8812 phase=fetch event=sources.subscribe.summary] 订阅源数量：170，订阅白名单数量：0，停用地址数量：0，有效总数量：168
2026-08-29T06:44:07+00:00 INFO    [run=b3f94fccbe6e42498871dbbb07bf8812 phase=fetch event=progress.started] 正在进行获取订阅源  0/168
2026-08-29T06:44:07+00:00 INFO    [run=b3f94fccbe6e42498871dbbb07bf8812 phase=fetch event=sources.epg.summary] EPG源数量：1，EPG白名单数量：0，停用地址数量：0，有效总数量：1
2026-08-29T06:44:07+00:00 INFO    [run=b3f94fccbe6e42498871dbbb07bf8812 phase=fetch event=progress.started] 正在进行获取EPG源  0/1
2026-08-29T06:44:08+00:00 INFO    [run=b3f94fccbe6e42498871dbbb07bf8812 phase=fetch event=progress.updated] 正在进行获取订阅源  1/168 (0%)  剩余 167
2026-08-29T06:44:08+00:00 INFO    [run=b3f94fccbe6e42498871dbbb07bf8812 phase=fetch event=epg.source_parsed] EPG 源解析完成：http://e.erw.cc/e.xml.gz，保留节目 941 条
2026-08-29T06:44:08+00:00 INFO    [run=b3f94fccbe6e42498871dbbb07bf8812 phase=fetch event=progress.updated] 正在进行获取EPG源  1/1 (100%)  剩余 0
2026-08-29T06:44:08+00:00 INFO    [run=b3f94fccbe6e42498871dbbb07bf8812 phase=fetch event=sources.epg.finished] EPG源: ✅ 有效地址数量：1，⛔ 停用地址数量：0
2026-08-29T06:44:08+00:00 INFO    [run=b3f94fccbe6e42498871dbbb07bf8812 phase=fetch event=progress.finished] 正在进行获取EPG源  1/1  匹配 25 个频道
2026-08-29T06:44:13+00:00 INFO    [run=b3f94fccbe6e42498871dbbb07bf8812 phase=fetch event=progress.updated] 正在进行获取订阅源  17/168 (10%)  剩余 151
2026-08-29T06:44:18+00:00 INFO    [run=b3f94fccbe6e42498871dbbb07bf8812 phase=fetch event=progress.updated] 正在进行获取订阅源  34/168 (20%)  剩余 134
2026-08-29T06:44:18+00:00 WARNING [run=b3f94fccbe6e42498871dbbb07bf8812 phase=fetch event=request.retrying] 🔄 请求https://4key.cn/FP失败，正在进行第1次重试...
2026-08-29T06:44:19+00:00 WARNING [run=b3f94fccbe6e42498871dbbb07bf8812 phase=fetch event=source.request_failed] 订阅源请求失败：❌ 请求https://4key.cn/FP失败，已达到最大重试次数
2026-08-29T06:44:19+00:00 WARNING [run=b3f94fccbe6e42498871dbbb07bf8812 phase=fetch event=request.retrying] 🔄 请求https://7337.kstore.vip/lib/kjtwzb.txt失败，正在进行第1次重试...
2026-08-29T06:44:20+00:00 WARNING [run=b3f94fccbe6e42498871dbbb07bf8812 phase=fetch event=source.request_failed] 订阅源请求失败：❌ 请求https://7337.kstore.vip/lib/kjtwzb.txt失败，已达到最大重试次数
2026-08-29T06:44:21+00:00 INFO    [run=b3f94fccbe6e42498871dbbb07bf8812 phase=fetch event=progress.updated] 正在进行获取订阅源  51/168 (30%)  剩余 117
2026-08-29T06:44:22+00:00 WARNING [run=b3f94fccbe6e42498871dbbb07bf8812 phase=fetch event=request.retrying] 🔄 请求https://gitee.com/hzxs800274/iptv/raw/master/live/TV失败，正在进行第1次重试...
2026-08-29T06:44:23+00:00 WARNING [run=b3f94fccbe6e42498871dbbb07bf8812 phase=fetch event=request.retrying] 🔄 请求https://live.zbds.org/tv/iptv4.txt失败，正在进行第1次重试...
2026-08-29T06:44:24+00:00 WARNING [run=b3f94fccbe6e42498871dbbb07bf8812 phase=fetch event=source.request_failed] 订阅源请求失败：❌ 请求https://live.zbds.org/tv/iptv4.txt失败，已达到最大重试次数
2026-08-29T06:44:25+00:00 INFO    [run=b3f94fccbe6e42498871dbbb07bf8812 phase=fetch event=progress.updated] 正在进行获取订阅源  68/168 (40%)  剩余 100
2026-08-29T06:44:28+00:00 INFO    [run=b3f94fccbe6e42498871dbbb07bf8812 phase=fetch event=progress.updated] 正在进行获取订阅源  84/168 (50%)  剩余 84
2026-08-29T06:44:29+00:00 WARNING [run=b3f94fccbe6e42498871dbbb07bf8812 phase=fetch event=request.retrying] 🔄 请求https://9730.kstore.space/%E9%A3%9B%E6%89%AC%E7%9B%B4%E6%92%AD.txt失败，正在进行第1次重试...
2026-08-29T06:44:30+00:00 WARNING [run=b3f94fccbe6e42498871dbbb07bf8812 phase=fetch event=source.request_failed] 订阅源请求失败：❌ 请求https://9730.kstore.space/%E9%A3%9B%E6%89%AC%E7%9B%B4%E6%92%AD.txt失败，已达到最大重试次数
2026-08-29T06:44:31+00:00 WARNING [run=b3f94fccbe6e42498871dbbb07bf8812 phase=fetch event=request.retrying] 🔄 请求https://gongdian.top/tv/ku9/webview.txt#JS=https://gongdian.top/tv/ku9/js/webview.js失败，正在进行第1次重试...
2026-08-29T06:44:32+00:00 WARNING [run=b3f94fccbe6e42498871dbbb07bf8812 phase=fetch event=request.retrying] 🔄 请求https://m.iill.top/Live.m3u失败，正在进行第1次重试...
2026-08-29T06:44:33+00:00 WARNING [run=b3f94fccbe6e42498871dbbb07bf8812 phase=fetch event=source.request_failed] 订阅源请求失败：❌ 请求https://gongdian.top/tv/ku9/webview.txt#JS=https://gongdian.top/tv/ku9/js/webview.js失败，已达到最大重试次数
2026-08-29T06:44:33+00:00 WARNING [run=b3f94fccbe6e42498871dbbb07bf8812 phase=fetch event=source.request_failed] 订阅源请求失败：❌ 请求https://m.iill.top/Live.m3u失败，已达到最大重试次数
2026-08-29T06:44:33+00:00 INFO    [run=b3f94fccbe6e42498871dbbb07bf8812 phase=fetch event=progress.updated] 正在进行获取订阅源  101/168 (60%)  剩余 67
2026-08-29T06:44:34+00:00 WARNING [run=b3f94fccbe6e42498871dbbb07bf8812 phase=fetch event=request.retrying] 🔄 请求https://ds65.tv1288.xyzhttps//cloud.7so.top/f/Bgw1H8/%E5%A4%A7%E6%94%B9.txt失败，正在进行第1次重试...
2026-08-29T06:44:34+00:00 WARNING [run=b3f94fccbe6e42498871dbbb07bf8812 phase=fetch event=source.request_failed] 订阅源请求失败：❌ 请求https://gitee.com/hzxs800274/iptv/raw/master/live/TV失败，已达到最大重试次数
2026-08-29T06:44:35+00:00 WARNING [run=b3f94fccbe6e42498871dbbb07bf8812 phase=fetch event=source.request_failed] 订阅源请求失败：❌ 请求https://ds65.tv1288.xyzhttps//cloud.7so.top/f/Bgw1H8/%E5%A4%A7%E6%94%B9.txt失败，已达到最大重试次数
2026-08-29T06:44:36+00:00 WARNING [run=b3f94fccbe6e42498871dbbb07bf8812 phase=fetch event=request.retrying] 🔄 请求https://iptv.1989.click/playlist.m3u失败，正在进行第1次重试...
2026-08-29T06:44:37+00:00 WARNING [run=b3f94fccbe6e42498871dbbb07bf8812 phase=fetch event=source.request_failed] 订阅源请求失败：❌ 请求https://iptv.1989.click/playlist.m3u失败，已达到最大重试次数
2026-08-29T06:44:38+00:00 INFO    [run=b3f94fccbe6e42498871dbbb07bf8812 phase=fetch event=progress.updated] 正在进行获取订阅源  118/168 (70%)  剩余 50
2026-08-29T06:44:39+00:00 WARNING [run=b3f94fccbe6e42498871dbbb07bf8812 phase=fetch event=request.retrying] 🔄 请求https://live.zbds.org/tv/iptv6.m3u失败，正在进行第1次重试...
2026-08-29T06:44:39+00:00 WARNING [run=b3f94fccbe6e42498871dbbb07bf8812 phase=fetch event=request.retrying] 🔄 请求https://zbds.org/tv/iptv4.m3u失败，正在进行第1次重试...
2026-08-29T06:44:40+00:00 WARNING [run=b3f94fccbe6e42498871dbbb07bf8812 phase=fetch event=request.retrying] 🔄 请求http://iptv.4666888.xyz/FYTV.txt失败，正在进行第1次重试...
2026-08-29T06:44:40+00:00 WARNING [run=b3f94fccbe6e42498871dbbb07bf8812 phase=fetch event=source.request_failed] 订阅源请求失败：❌ 请求https://live.zbds.org/tv/iptv6.m3u失败，已达到最大重试次数
2026-08-29T06:44:40+00:00 WARNING [run=b3f94fccbe6e42498871dbbb07bf8812 phase=fetch event=source.request_failed] 订阅源请求失败：❌ 请求https://zbds.org/tv/iptv4.m3u失败，已达到最大重试次数
2026-08-29T06:44:44+00:00 INFO    [run=b3f94fccbe6e42498871dbbb07bf8812 phase=fetch event=progress.updated] 正在进行获取订阅源  135/168 (80%)  剩余 33
2026-08-29T06:44:46+00:00 WARNING [run=b3f94fccbe6e42498871dbbb07bf8812 phase=fetch event=request.retrying] 🔄 请求https://t.freetv.fun/m3u/china_original.txt失败，正在进行第1次重试...
2026-08-29T06:44:47+00:00 WARNING [run=b3f94fccbe6e42498871dbbb07bf8812 phase=fetch event=request.retrying] 🔄 请求http://iptv.4666888.xyz/FYTV.m3u失败，正在进行第1次重试...
2026-08-29T06:44:48+00:00 INFO    [run=b3f94fccbe6e42498871dbbb07bf8812 phase=fetch event=progress.updated] 正在进行获取订阅源  152/168 (90%)  剩余 16
2026-08-29T06:44:52+00:00 WARNING [run=b3f94fccbe6e42498871dbbb07bf8812 phase=fetch event=source.request_failed] 订阅源请求失败：❌ 请求http://iptv.4666888.xyz/FYTV.txt失败，已达到最大重试次数
2026-08-29T06:44:58+00:00 WARNING [run=b3f94fccbe6e42498871dbbb07bf8812 phase=fetch event=source.request_failed] 订阅源请求失败：❌ 请求https://t.freetv.fun/m3u/china_original.txt失败，已达到最大重试次数
2026-08-29T06:44:59+00:00 WARNING [run=b3f94fccbe6e42498871dbbb07bf8812 phase=fetch event=source.request_failed] 订阅源请求失败：❌ 请求http://iptv.4666888.xyz/FYTV.m3u失败，已达到最大重试次数
2026-08-29T06:44:59+00:00 INFO    [run=b3f94fccbe6e42498871dbbb07bf8812 phase=fetch event=progress.updated] 正在进行获取订阅源  168/168 (100%)  剩余 0
2026-08-29T06:44:59+00:00 INFO    [run=b3f94fccbe6e42498871dbbb07bf8812 phase=fetch event=sources.subscribe.finished] 订阅源: ✅ 有效地址数量：168，⛔ 停用地址数量：0
2026-08-29T06:44:59+00:00 INFO    [run=b3f94fccbe6e42498871dbbb07bf8812 phase=fetch event=progress.finished] 正在进行获取订阅源  168/168  未匹配 10000
2026-08-29T06:47:08+00:00 INFO    [run=b3f94fccbe6e42498871dbbb07bf8812 phase=aggregate event=channels.aggregated] 频道数据聚合完成：28 个频道，8759 个接口（IPv4 7029 / IPv6 1730）
2026-08-29T06:47:08+00:00 INFO    [run=b3f94fccbe6e42498871dbbb07bf8812 phase=speed_test event=speed_test.planned] 总接口数量: 8503, 需要进行测速的接口数量: 6857
2026-08-29T06:47:08+00:00 INFO    [run=b3f94fccbe6e42498871dbbb07bf8812 phase=speed_test event=progress.started] 测速  0/6857
2026-08-29T06:47:10+00:00 INFO    [run=b3f94fccbe6e42498871dbbb07bf8812 phase=speed_test event=progress.updated] 测速  1/6857 (0%)  有效 1  失败 0  CCTV-1
2026-08-29T06:47:40+00:00 INFO    [run=b3f94fccbe6e42498871dbbb07bf8812 phase=speed_test event=progress.updated] 测速  55/6857 (0%)  有效 10  失败 45  CCTV-2
2026-08-29T06:48:10+00:00 INFO    [run=b3f94fccbe6e42498871dbbb07bf8812 phase=speed_test event=progress.updated] 测速  115/6857 (1%)  有效 17  失败 98  CCTV-2
2026-08-29T06:48:40+00:00 INFO    [run=b3f94fccbe6e42498871dbbb07bf8812 phase=speed_test event=progress.updated] 测速  170/6857 (2%)  有效 21  失败 149  CCTV-4
2026-08-29T06:49:11+00:00 INFO    [run=b3f94fccbe6e42498871dbbb07bf8812 phase=speed_test event=progress.updated] 测速  229/6857 (3%)  有效 29  失败 200  CCTV-6
2026-08-29T06:49:42+00:00 INFO    [run=b3f94fccbe6e42498871dbbb07bf8812 phase=speed_test event=progress.updated] 测速  285/6857 (4%)  有效 37  失败 248  CCTV-8
2026-08-29T06:50:13+00:00 INFO    [run=b3f94fccbe6e42498871dbbb07bf8812 phase=speed_test event=progress.updated] 测速  339/6857 (4%)  有效 46  失败 293  CCTV-9
2026-08-29T06:50:43+00:00 INFO    [run=b3f94fccbe6e42498871dbbb07bf8812 phase=speed_test event=progress.updated] 测速  391/6857 (5%)  有效 59  失败 332  CCTV-13
2026-08-29T06:51:13+00:00 INFO    [run=b3f94fccbe6e42498871dbbb07bf8812 phase=speed_test event=progress.updated] 测速  476/6857 (6%)  有效 75  失败 401  翡翠台
2026-08-29T06:51:44+00:00 INFO    [run=b3f94fccbe6e42498871dbbb07bf8812 phase=speed_test event=progress.updated] 测速  571/6857 (8%)  有效 89  失败 482  凤凰卫视
2026-08-29T06:52:15+00:00 INFO    [run=b3f94fccbe6e42498871dbbb07bf8812 phase=speed_test event=progress.updated] 测速  637/6857 (9%)  有效 92  失败 545  凤凰卫视
2026-08-29T06:52:45+00:00 INFO    [run=b3f94fccbe6e42498871dbbb07bf8812 phase=speed_test event=progress.updated] 测速  717/6857 (10%)  有效 99  失败 618  凤凰资讯
2026-08-29T06:53:15+00:00 INFO    [run=b3f94fccbe6e42498871dbbb07bf8812 phase=speed_test event=progress.updated] 测速  781/6857 (11%)  有效 102  失败 679  凤凰资讯
2026-08-29T06:53:47+00:00 INFO    [run=b3f94fccbe6e42498871dbbb07bf8812 phase=speed_test event=progress.updated] 测速  880/6857 (12%)  有效 124  失败 756  RTHK32
2026-08-29T06:54:18+00:00 INFO    [run=b3f94fccbe6e42498871dbbb07bf8812 phase=speed_test event=progress.updated] 测速  940/6857 (13%)  有效 128  失败 812  广东卫视
2026-08-29T06:54:49+00:00 INFO    [run=b3f94fccbe6e42498871dbbb07bf8812 phase=speed_test event=progress.updated] 测速  1010/6857 (14%)  有效 154  失败 856  广东新闻
2026-08-29T06:55:20+00:00 INFO    [run=b3f94fccbe6e42498871dbbb07bf8812 phase=speed_test event=progress.updated] 测速  1055/6857 (15%)  有效 168  失败 887  南国都市4K
2026-08-29T06:55:51+00:00 INFO    [run=b3f94fccbe6e42498871dbbb07bf8812 phase=speed_test event=progress.updated] 测速  1086/6857 (15%)  有效 176  失败 910  广州新闻
2026-08-29T06:56:21+00:00 INFO    [run=b3f94fccbe6e42498871dbbb07bf8812 phase=speed_test event=progress.updated] 测速  1137/6857 (16%)  有效 185  失败 952  江苏卫视
2026-08-29T06:56:51+00:00 INFO    [run=b3f94fccbe6e42498871dbbb07bf8812 phase=speed_test event=progress.updated] 测速  1193/6857 (17%)  有效 190  失败 1003  浙江卫视
2026-08-29T06:57:22+00:00 INFO    [run=b3f94fccbe6e42498871dbbb07bf8812 phase=speed_test event=progress.updated] 测速  1246/6857 (18%)  有效 196  失败 1050  东南卫视
2026-08-29T06:57:53+00:00 INFO    [run=b3f94fccbe6e42498871dbbb07bf8812 phase=speed_test event=progress.updated] 测速  1305/6857 (19%)  有效 200  失败 1105  东南卫视
2026-08-29T06:58:25+00:00 INFO    [run=b3f94fccbe6e42498871dbbb07bf8812 phase=speed_test event=progress.updated] 测速  1366/6857 (19%)  有效 201  失败 1165  东南卫视
2026-08-29T06:58:42+00:00 INFO    [run=b3f94fccbe6e42498871dbbb07bf8812 phase=speed_test event=speed_test.artifacts_written] 测速明细已写入 output/log/speed_test.log，有效结果已写入 output/log/result.log
2026-08-29T06:58:42+00:00 INFO    [run=b3f94fccbe6e42498871dbbb07bf8812 phase=speed_test event=progress.finished] 测速  6857/6857  有效 202  失败 1193
2026-08-29T06:58:43+00:00 INFO    [run=b3f94fccbe6e42498871dbbb07bf8812 phase=output event=output.written] 结果文件生成完成：更新 3 个文件
2026-08-29T06:58:43+00:00 INFO    [run=b3f94fccbe6e42498871dbbb07bf8812 phase=statistics event=statistics.finished] 频道统计完成：测试 1395，有效 202
2026-08-29T06:58:43+00:00 INFO    [run=b3f94fccbe6e42498871dbbb07bf8812 phase=complete event=run.summary] 更新摘要
2026-08-29T06:58:43+00:00 INFO    [run=b3f94fccbe6e42498871dbbb07bf8812 phase=complete event=run.finished] 更新完成！总耗时：14:35
2026-09-15T03:37:39+00:00 INFO    [event=application.started] IPTV-API 版本: 3.0.0 (构建时间: 2026-08-07 11:45:59)
2026-09-15T03:37:40+00:00 INFO    [phase=prepare event=network.ipv6.checking] 🛜 正在检查当前网络是否支持IPv6...
2026-09-15T03:37:40+00:00 WARNING [phase=prepare event=network.ipv6.unsupported] 当前网络不支持IPv6，别担心，IPv6的结果会被保存下来
2026-09-15T03:37:40+00:00 INFO    [run=b6d0766ff27f443ab1bc37dbe5b17f41 phase=prepare event=run.started] 性能模式: auto → balance，可用资源: 4.0 CPU / 15.61 GB，并发: 测速 8、媒体探测 2、源抓取 8
2026-09-15T03:37:40+00:00 INFO    [run=b6d0766ff27f443ab1bc37dbe5b17f41 phase=prepare event=channels.catalog_loaded] 频道目录已加载：白名单 0，黑名单 6，台标 21
2026-09-15T03:37:40+00:00 INFO    [run=b6d0766ff27f443ab1bc37dbe5b17f41 phase=fetch event=sources.subscribe.summary] 订阅源数量：170，订阅白名单数量：0，停用地址数量：0，有效总数量：168
2026-09-15T03:37:40+00:00 INFO    [run=b6d0766ff27f443ab1bc37dbe5b17f41 phase=fetch event=progress.started] 正在进行获取订阅源  0/168
2026-09-15T03:37:40+00:00 INFO    [run=b6d0766ff27f443ab1bc37dbe5b17f41 phase=fetch event=sources.epg.summary] EPG源数量：1，EPG白名单数量：0，停用地址数量：0，有效总数量：1
2026-09-15T03:37:40+00:00 INFO    [run=b6d0766ff27f443ab1bc37dbe5b17f41 phase=fetch event=progress.started] 正在进行获取EPG源  0/1
2026-09-15T03:37:41+00:00 INFO    [run=b6d0766ff27f443ab1bc37dbe5b17f41 phase=fetch event=epg.source_parsed] EPG 源解析完成：http://e.erw.cc/e.xml.gz，保留节目 938 条
2026-09-15T03:37:41+00:00 INFO    [run=b6d0766ff27f443ab1bc37dbe5b17f41 phase=fetch event=progress.updated] 正在进行获取EPG源  1/1 (100%)  剩余 0
2026-09-15T03:37:41+00:00 INFO    [run=b6d0766ff27f443ab1bc37dbe5b17f41 phase=fetch event=sources.epg.finished] EPG源: ✅ 有效地址数量：1，⛔ 停用地址数量：0
2026-09-15T03:37:41+00:00 INFO    [run=b6d0766ff27f443ab1bc37dbe5b17f41 phase=fetch event=progress.finished] 正在进行获取EPG源  1/1  匹配 25 个频道
2026-09-15T03:37:41+00:00 INFO    [run=b6d0766ff27f443ab1bc37dbe5b17f41 phase=fetch event=progress.updated] 正在进行获取订阅源  1/168 (0%)  剩余 167
2026-09-15T03:37:46+00:00 INFO    [run=b6d0766ff27f443ab1bc37dbe5b17f41 phase=fetch event=progress.updated] 正在进行获取订阅源  17/168 (10%)  剩余 151
2026-09-15T03:37:49+00:00 WARNING [run=b6d0766ff27f443ab1bc37dbe5b17f41 phase=fetch event=request.retrying] 🔄 请求https://d.kstore.dev/download/11344/yunduan.txt失败，正在进行第1次重试...
2026-09-15T03:37:50+00:00 INFO    [run=b6d0766ff27f443ab1bc37dbe5b17f41 phase=fetch event=progress.updated] 正在进行获取订阅源  34/168 (20%)  剩余 134
2026-09-15T03:37:50+00:00 WARNING [run=b6d0766ff27f443ab1bc37dbe5b17f41 phase=fetch event=source.request_failed] 订阅源请求失败：❌ 请求https://d.kstore.dev/download/11344/yunduan.txt失败，已达到最大重试次数
2026-09-15T03:37:52+00:00 WARNING [run=b6d0766ff27f443ab1bc37dbe5b17f41 phase=fetch event=request.retrying] 🔄 请求https://7337.kstore.vip/lib/kjtwzb.txt失败，正在进行第1次重试...
2026-09-15T03:37:53+00:00 WARNING [run=b6d0766ff27f443ab1bc37dbe5b17f41 phase=fetch event=source.request_failed] 订阅源请求失败：❌ 请求https://7337.kstore.vip/lib/kjtwzb.txt失败，已达到最大重试次数
2026-09-15T03:37:55+00:00 INFO    [run=b6d0766ff27f443ab1bc37dbe5b17f41 phase=fetch event=progress.updated] 正在进行获取订阅源  51/168 (30%)  剩余 117
2026-09-15T03:37:57+00:00 WARNING [run=b6d0766ff27f443ab1bc37dbe5b17f41 phase=fetch event=request.retrying] 🔄 请求https://live.zbds.org/tv/iptv4.txt失败，正在进行第1次重试...
2026-09-15T03:37:58+00:00 WARNING [run=b6d0766ff27f443ab1bc37dbe5b17f41 phase=fetch event=source.request_failed] 订阅源请求失败：❌ 请求https://live.zbds.org/tv/iptv4.txt失败，已达到最大重试次数
2026-09-15T03:37:58+00:00 INFO    [run=b6d0766ff27f443ab1bc37dbe5b17f41 phase=fetch event=progress.updated] 正在进行获取订阅源  68/168 (40%)  剩余 100
2026-09-15T03:38:00+00:00 WARNING [run=b6d0766ff27f443ab1bc37dbe5b17f41 phase=fetch event=request.retrying] 🔄 请求https://4key.cn/FP失败，正在进行第1次重试...
2026-09-15T03:38:02+00:00 INFO    [run=b6d0766ff27f443ab1bc37dbe5b17f41 phase=fetch event=progress.updated] 正在进行获取订阅源  84/168 (50%)  剩余 84
2026-09-15T03:38:03+00:00 WARNING [run=b6d0766ff27f443ab1bc37dbe5b17f41 phase=fetch event=request.retrying] 🔄 请求https://9730.kstore.space/%E9%A3%9B%E6%89%AC%E7%9B%B4%E6%92%AD.txt失败，正在进行第1次重试...
2026-09-15T03:38:03+00:00 WARNING [run=b6d0766ff27f443ab1bc37dbe5b17f41 phase=fetch event=request.retrying] 🔄 请求http://iptv.4666888.xyz/FYTV.txt失败，正在进行第1次重试...
2026-09-15T03:38:04+00:00 WARNING [run=b6d0766ff27f443ab1bc37dbe5b17f41 phase=fetch event=source.request_failed] 订阅源请求失败：❌ 请求https://9730.kstore.space/%E9%A3%9B%E6%89%AC%E7%9B%B4%E6%92%AD.txt失败，已达到最大重试次数
2026-09-15T03:38:05+00:00 WARNING [run=b6d0766ff27f443ab1bc37dbe5b17f41 phase=fetch event=request.retrying] 🔄 请求https://gongdian.top/tv/ku9/webview.txt#JS=https://gongdian.top/tv/ku9/js/webview.js失败，正在进行第1次重试...
2026-09-15T03:38:06+00:00 WARNING [run=b6d0766ff27f443ab1bc37dbe5b17f41 phase=fetch event=request.retrying] 🔄 请求https://m.iill.top/Live.m3u失败，正在进行第1次重试...
2026-09-15T03:38:07+00:00 WARNING [run=b6d0766ff27f443ab1bc37dbe5b17f41 phase=fetch event=source.request_failed] 订阅源请求失败：❌ 请求https://gongdian.top/tv/ku9/webview.txt#JS=https://gongdian.top/tv/ku9/js/webview.js失败，已达到最大重试次数
2026-09-15T03:38:08+00:00 INFO    [run=b6d0766ff27f443ab1bc37dbe5b17f41 phase=fetch event=progress.updated] 正在进行获取订阅源  101/168 (60%)  剩余 67
2026-09-15T03:38:08+00:00 WARNING [run=b6d0766ff27f443ab1bc37dbe5b17f41 phase=fetch event=request.retrying] 🔄 请求https://ds65.tv1288.xyzhttps//cloud.7so.top/f/Bgw1H8/%E5%A4%A7%E6%94%B9.txt失败，正在进行第1次重试...
2026-09-15T03:38:08+00:00 WARNING [run=b6d0766ff27f443ab1bc37dbe5b17f41 phase=fetch event=source.request_failed] 订阅源请求失败：❌ 请求https://m.iill.top/Live.m3u失败，已达到最大重试次数
2026-09-15T03:38:09+00:00 WARNING [run=b6d0766ff27f443ab1bc37dbe5b17f41 phase=fetch event=source.request_failed] 订阅源请求失败：❌ 请求https://ds65.tv1288.xyzhttps//cloud.7so.top/f/Bgw1H8/%E5%A4%A7%E6%94%B9.txt失败，已达到最大重试次数
2026-09-15T03:38:11+00:00 WARNING [run=b6d0766ff27f443ab1bc37dbe5b17f41 phase=fetch event=request.retrying] 🔄 请求https://iptv.1989.click/playlist.m3u失败，正在进行第1次重试...
2026-09-15T03:38:11+00:00 WARNING [run=b6d0766ff27f443ab1bc37dbe5b17f41 phase=fetch event=request.retrying] 🔄 请求https://live.445569.xyz/live.m3u失败，正在进行第1次重试...
2026-09-15T03:38:12+00:00 WARNING [run=b6d0766ff27f443ab1bc37dbe5b17f41 phase=fetch event=source.request_failed] 订阅源请求失败：❌ 请求https://iptv.1989.click/playlist.m3u失败，已达到最大重试次数
2026-09-15T03:38:12+00:00 WARNING [run=b6d0766ff27f443ab1bc37dbe5b17f41 phase=fetch event=source.request_failed] 订阅源请求失败：❌ 请求https://live.445569.xyz/live.m3u失败，已达到最大重试次数
2026-09-15T03:38:12+00:00 WARNING [run=b6d0766ff27f443ab1bc37dbe5b17f41 phase=fetch event=source.request_failed] 订阅源请求失败：❌ 请求https://4key.cn/FP失败，已达到最大重试次数
2026-09-15T03:38:13+00:00 WARNING [run=b6d0766ff27f443ab1bc37dbe5b17f41 phase=fetch event=request.retrying] 🔄 请求https://feer-cdn-bp.xpnb.qzz.io/xnkl.txt失败，正在进行第1次重试...
2026-09-15T03:38:13+00:00 INFO    [run=b6d0766ff27f443ab1bc37dbe5b17f41 phase=fetch event=progress.updated] 正在进行获取订阅源  118/168 (70%)  剩余 50
2026-09-15T03:38:14+00:00 WARNING [run=b6d0766ff27f443ab1bc37dbe5b17f41 phase=fetch event=source.request_failed] 订阅源请求失败：❌ 请求https://feer-cdn-bp.xpnb.qzz.io/xnkl.txt失败，已达到最大重试次数
2026-09-15T03:38:14+00:00 WARNING [run=b6d0766ff27f443ab1bc37dbe5b17f41 phase=fetch event=request.retrying] 🔄 请求https://live.zbds.org/tv/iptv6.m3u失败，正在进行第1次重试...
2026-09-15T03:38:14+00:00 WARNING [run=b6d0766ff27f443ab1bc37dbe5b17f41 phase=fetch event=request.retrying] 🔄 请求https://zbds.org/tv/iptv4.m3u失败，正在进行第1次重试...
2026-09-15T03:38:15+00:00 WARNING [run=b6d0766ff27f443ab1bc37dbe5b17f41 phase=fetch event=source.request_failed] 订阅源请求失败：❌ 请求http://iptv.4666888.xyz/FYTV.txt失败，已达到最大重试次数
2026-09-15T03:38:15+00:00 WARNING [run=b6d0766ff27f443ab1bc37dbe5b17f41 phase=fetch event=source.request_failed] 订阅源请求失败：❌ 请求https://live.zbds.org/tv/iptv6.m3u失败，已达到最大重试次数
2026-09-15T03:38:15+00:00 WARNING [run=b6d0766ff27f443ab1bc37dbe5b17f41 phase=fetch event=source.request_failed] 订阅源请求失败：❌ 请求https://zbds.org/tv/iptv4.m3u失败，已达到最大重试次数
2026-09-15T03:38:17+00:00 INFO    [run=b6d0766ff27f443ab1bc37dbe5b17f41 phase=fetch event=progress.updated] 正在进行获取订阅源  135/168 (80%)  剩余 33
2026-09-15T03:38:20+00:00 WARNING [run=b6d0766ff27f443ab1bc37dbe5b17f41 phase=fetch event=request.retrying] 🔄 请求https://t.freetv.fun/m3u/china_original.txt失败，正在进行第1次重试...
2026-09-15T03:38:21+00:00 INFO    [run=b6d0766ff27f443ab1bc37dbe5b17f41 phase=fetch event=progress.updated] 正在进行获取订阅源  152/168 (90%)  剩余 16
2026-09-15T03:38:21+00:00 WARNING [run=b6d0766ff27f443ab1bc37dbe5b17f41 phase=fetch event=request.retrying] 🔄 请求http://iptv.4666888.xyz/FYTV.m3u失败，正在进行第1次重试...
2026-09-15T03:38:32+00:00 WARNING [run=b6d0766ff27f443ab1bc37dbe5b17f41 phase=fetch event=source.request_failed] 订阅源请求失败：❌ 请求https://t.freetv.fun/m3u/china_original.txt失败，已达到最大重试次数
2026-09-15T03:38:33+00:00 WARNING [run=b6d0766ff27f443ab1bc37dbe5b17f41 phase=fetch event=source.request_failed] 订阅源请求失败：❌ 请求http://iptv.4666888.xyz/FYTV.m3u失败，已达到最大重试次数
2026-09-15T03:38:33+00:00 INFO    [run=b6d0766ff27f443ab1bc37dbe5b17f41 phase=fetch event=progress.updated] 正在进行获取订阅源  168/168 (100%)  剩余 0
2026-09-15T03:38:33+00:00 INFO    [run=b6d0766ff27f443ab1bc37dbe5b17f41 phase=fetch event=sources.subscribe.finished] 订阅源: ✅ 有效地址数量：168，⛔ 停用地址数量：0
2026-09-15T03:38:33+00:00 INFO    [run=b6d0766ff27f443ab1bc37dbe5b17f41 phase=fetch event=progress.finished] 正在进行获取订阅源  168/168  未匹配 10000
2026-09-15T03:40:40+00:00 INFO    [run=b6d0766ff27f443ab1bc37dbe5b17f41 phase=aggregate event=channels.aggregated] 频道数据聚合完成：28 个频道，6797 个接口（IPv4 6596 / IPv6 201）
2026-09-15T03:40:40+00:00 INFO    [run=b6d0766ff27f443ab1bc37dbe5b17f41 phase=speed_test event=speed_test.planned] 总接口数量: 6706, 需要进行测速的接口数量: 6514
2026-09-15T03:40:40+00:00 INFO    [run=b6d0766ff27f443ab1bc37dbe5b17f41 phase=speed_test event=progress.started] 测速  0/6514
2026-09-15T03:40:41+00:00 INFO    [run=b6d0766ff27f443ab1bc37dbe5b17f41 phase=speed_test event=progress.updated] 测速  1/6514 (0%)  有效 1  失败 0  CCTV-1
2026-09-15T03:41:11+00:00 INFO    [run=b6d0766ff27f443ab1bc37dbe5b17f41 phase=speed_test event=progress.updated] 测速  69/6514 (1%)  有效 20  失败 49  CCTV-4
2026-09-15T03:41:42+00:00 INFO    [run=b6d0766ff27f443ab1bc37dbe5b17f41 phase=speed_test event=progress.updated] 测速  127/6514 (1%)  有效 46  失败 81  CCTV-9
2026-09-15T03:42:12+00:00 INFO    [run=b6d0766ff27f443ab1bc37dbe5b17f41 phase=speed_test event=progress.updated] 测速  193/6514 (2%)  有效 52  失败 141  CCTV-10
2026-09-15T03:42:42+00:00 INFO    [run=b6d0766ff27f443ab1bc37dbe5b17f41 phase=speed_test event=progress.updated] 测速  239/6514 (3%)  有效 59  失败 180  CCTV-13
2026-09-15T03:43:12+00:00 INFO    [run=b6d0766ff27f443ab1bc37dbe5b17f41 phase=speed_test event=progress.updated] 测速  311/6514 (4%)  有效 63  失败 248  CCTV-13
2026-09-15T03:43:43+00:00 INFO    [run=b6d0766ff27f443ab1bc37dbe5b17f41 phase=speed_test event=progress.updated] 测速  422/6514 (6%)  有效 72  失败 350  明珠台
2026-09-15T03:44:13+00:00 INFO    [run=b6d0766ff27f443ab1bc37dbe5b17f41 phase=speed_test event=progress.updated] 测速  495/6514 (7%)  有效 79  失败 416  凤凰卫视
2026-09-15T03:44:44+00:00 INFO    [run=b6d0766ff27f443ab1bc37dbe5b17f41 phase=speed_test event=progress.updated] 测速  574/6514 (8%)  有效 81  失败 493  凤凰香港
2026-09-15T03:45:14+00:00 INFO    [run=b6d0766ff27f443ab1bc37dbe5b17f41 phase=speed_test event=progress.updated] 测速  653/6514 (10%)  有效 88  失败 565  凤凰资讯
2026-09-15T03:45:45+00:00 INFO    [run=b6d0766ff27f443ab1bc37dbe5b17f41 phase=speed_test event=progress.updated] 测速  763/6514 (11%)  有效 101  失败 662  广东卫视
2026-09-15T03:46:16+00:00 INFO    [run=b6d0766ff27f443ab1bc37dbe5b17f41 phase=speed_test event=progress.updated] 测速  831/6514 (12%)  有效 102  失败 729  广东卫视
2026-09-15T03:46:46+00:00 INFO    [run=b6d0766ff27f443ab1bc37dbe5b17f41 phase=speed_test event=progress.updated] 测速  912/6514 (14%)  有效 136  失败 776  广东民生
2026-09-15T03:47:16+00:00 INFO    [run=b6d0766ff27f443ab1bc37dbe5b17f41 phase=speed_test event=progress.updated] 测速  967/6514 (14%)  有效 152  失败 815  广州新闻
2026-09-15T03:47:48+00:00 INFO    [run=b6d0766ff27f443ab1bc37dbe5b17f41 phase=speed_test event=progress.updated] 测速  1046/6514 (16%)  有效 162  失败 884  江苏卫视
2026-09-15T03:48:19+00:00 INFO    [run=b6d0766ff27f443ab1bc37dbe5b17f41 phase=speed_test event=progress.updated] 测速  1106/6514 (16%)  有效 169  失败 937  浙江卫视
2026-09-15T03:48:50+00:00 INFO    [run=b6d0766ff27f443ab1bc37dbe5b17f41 phase=speed_test event=progress.updated] 测速  1173/6514 (18%)  有效 176  失败 997  东南卫视
2026-09-15T03:49:20+00:00 INFO    [run=b6d0766ff27f443ab1bc37dbe5b17f41 phase=speed_test event=progress.updated] 测速  1230/6514 (18%)  有效 177  失败 1053  东南卫视
2026-09-15T03:49:53+00:00 INFO    [run=b6d0766ff27f443ab1bc37dbe5b17f41 phase=speed_test event=progress.updated] 测速  1286/6514 (19%)  有效 179  失败 1107  东南卫视
2026-09-15T03:49:53+00:00 INFO    [run=b6d0766ff27f443ab1bc37dbe5b17f41 phase=speed_test event=speed_test.artifacts_written] 测速明细已写入 output/log/speed_test.log，有效结果已写入 output/log/result.log
2026-09-15T03:49:53+00:00 INFO    [run=b6d0766ff27f443ab1bc37dbe5b17f41 phase=speed_test event=progress.finished] 测速  6514/6514  有效 179  失败 1108
2026-09-15T03:49:53+00:00 INFO    [run=b6d0766ff27f443ab1bc37dbe5b17f41 phase=output event=output.written] 结果文件生成完成：更新 3 个文件
2026-09-15T03:49:54+00:00 INFO    [run=b6d0766ff27f443ab1bc37dbe5b17f41 phase=statistics event=statistics.finished] 频道统计完成：测试 1287，有效 179
2026-09-15T03:49:54+00:00 INFO    [run=b6d0766ff27f443ab1bc37dbe5b17f41 phase=complete event=run.summary] 更新摘要
2026-09-15T03:49:54+00:00 INFO    [run=b6d0766ff27f443ab1bc37dbe5b17f41 phase=complete event=run.finished] 更新完成！总耗时：12:13
2026-09-18T03:33:57+00:00 INFO    [event=application.started] IPTV-API 版本: 3.0.0 (构建时间: 2026-08-07 11:45:59)
2026-09-18T03:33:57+00:00 INFO    [phase=prepare event=network.ipv6.checking] 🛜 正在检查当前网络是否支持IPv6...
2026-09-18T03:33:57+00:00 WARNING [phase=prepare event=network.ipv6.unsupported] 当前网络不支持IPv6，别担心，IPv6的结果会被保存下来
2026-09-18T03:33:57+00:00 INFO    [run=97dc249ec63e474d8e4d022578b21b38 phase=prepare event=run.started] 性能模式: auto → balance，可用资源: 4.0 CPU / 15.61 GB，并发: 测速 8、媒体探测 2、源抓取 8
2026-09-18T03:33:57+00:00 INFO    [run=97dc249ec63e474d8e4d022578b21b38 phase=prepare event=channels.catalog_loaded] 频道目录已加载：白名单 0，黑名单 6，台标 21
2026-09-18T03:33:57+00:00 INFO    [run=97dc249ec63e474d8e4d022578b21b38 phase=fetch event=sources.subscribe.summary] 订阅源数量：170，订阅白名单数量：0，停用地址数量：0，有效总数量：168
2026-09-18T03:33:57+00:00 INFO    [run=97dc249ec63e474d8e4d022578b21b38 phase=fetch event=progress.started] 正在进行获取订阅源  0/168
2026-09-18T03:33:57+00:00 INFO    [run=97dc249ec63e474d8e4d022578b21b38 phase=fetch event=sources.epg.summary] EPG源数量：1，EPG白名单数量：0，停用地址数量：0，有效总数量：1
2026-09-18T03:33:57+00:00 INFO    [run=97dc249ec63e474d8e4d022578b21b38 phase=fetch event=progress.started] 正在进行获取EPG源  0/1
2026-09-18T03:33:58+00:00 INFO    [run=97dc249ec63e474d8e4d022578b21b38 phase=fetch event=epg.source_parsed] EPG 源解析完成：http://e.erw.cc/e.xml.gz，保留节目 941 条
2026-09-18T03:33:58+00:00 INFO    [run=97dc249ec63e474d8e4d022578b21b38 phase=fetch event=progress.updated] 正在进行获取EPG源  1/1 (100%)  剩余 0
2026-09-18T03:33:58+00:00 INFO    [run=97dc249ec63e474d8e4d022578b21b38 phase=fetch event=sources.epg.finished] EPG源: ✅ 有效地址数量：1，⛔ 停用地址数量：0
2026-09-18T03:33:58+00:00 INFO    [run=97dc249ec63e474d8e4d022578b21b38 phase=fetch event=progress.finished] 正在进行获取EPG源  1/1  匹配 25 个频道
2026-09-18T03:33:58+00:00 INFO    [run=97dc249ec63e474d8e4d022578b21b38 phase=fetch event=progress.updated] 正在进行获取订阅源  1/168 (0%)  剩余 167
2026-09-18T03:34:05+00:00 INFO    [run=97dc249ec63e474d8e4d022578b21b38 phase=fetch event=progress.updated] 正在进行获取订阅源  17/168 (10%)  剩余 151
2026-09-18T03:34:09+00:00 WARNING [run=97dc249ec63e474d8e4d022578b21b38 phase=fetch event=request.retrying] 🔄 请求https://d.kstore.dev/download/11344/yunduan.txt失败，正在进行第1次重试...
2026-09-18T03:34:09+00:00 INFO    [run=97dc249ec63e474d8e4d022578b21b38 phase=fetch event=progress.updated] 正在进行获取订阅源  34/168 (20%)  剩余 134
2026-09-18T03:34:09+00:00 WARNING [run=97dc249ec63e474d8e4d022578b21b38 phase=fetch event=request.retrying] 🔄 请求https://4key.cn/FP失败，正在进行第1次重试...
2026-09-18T03:34:10+00:00 WARNING [run=97dc249ec63e474d8e4d022578b21b38 phase=fetch event=source.request_failed] 订阅源请求失败：❌ 请求https://d.kstore.dev/download/11344/yunduan.txt失败，已达到最大重试次数
2026-09-18T03:34:11+00:00 WARNING [run=97dc249ec63e474d8e4d022578b21b38 phase=fetch event=request.retrying] 🔄 请求https://7337.kstore.vip/lib/kjtwzb.txt失败，正在进行第1次重试...
2026-09-18T03:34:11+00:00 WARNING [run=97dc249ec63e474d8e4d022578b21b38 phase=fetch event=source.request_failed] 订阅源请求失败：❌ 请求https://4key.cn/FP失败，已达到最大重试次数
2026-09-18T03:34:12+00:00 WARNING [run=97dc249ec63e474d8e4d022578b21b38 phase=fetch event=source.request_failed] 订阅源请求失败：❌ 请求https://7337.kstore.vip/lib/kjtwzb.txt失败，已达到最大重试次数
2026-09-18T03:34:12+00:00 INFO    [run=97dc249ec63e474d8e4d022578b21b38 phase=fetch event=progress.updated] 正在进行获取订阅源  51/168 (30%)  剩余 117
2026-09-18T03:34:14+00:00 WARNING [run=97dc249ec63e474d8e4d022578b21b38 phase=fetch event=request.retrying] 🔄 请求https://live.zbds.org/tv/iptv4.txt失败，正在进行第1次重试...
2026-09-18T03:34:15+00:00 WARNING [run=97dc249ec63e474d8e4d022578b21b38 phase=fetch event=source.request_failed] 订阅源请求失败：❌ 请求https://live.zbds.org/tv/iptv4.txt失败，已达到最大重试次数
2026-09-18T03:34:16+00:00 INFO    [run=97dc249ec63e474d8e4d022578b21b38 phase=fetch event=progress.updated] 正在进行获取订阅源  68/168 (40%)  剩余 100
2026-09-18T03:34:20+00:00 WARNING [run=97dc249ec63e474d8e4d022578b21b38 phase=fetch event=request.retrying] 🔄 请求https://9730.kstore.space/%E9%A3%9B%E6%89%AC%E7%9B%B4%E6%92%AD.txt失败，正在进行第1次重试...
2026-09-18T03:34:21+00:00 WARNING [run=97dc249ec63e474d8e4d022578b21b38 phase=fetch event=source.request_failed] 订阅源请求失败：❌ 请求https://9730.kstore.space/%E9%A3%9B%E6%89%AC%E7%9B%B4%E6%92%AD.txt失败，已达到最大重试次数
2026-09-18T03:34:23+00:00 INFO    [run=97dc249ec63e474d8e4d022578b21b38 phase=fetch event=progress.updated] 正在进行获取订阅源  84/168 (50%)  剩余 84
2026-09-18T03:34:23+00:00 WARNING [run=97dc249ec63e474d8e4d022578b21b38 phase=fetch event=request.retrying] 🔄 请求http://iptv.4666888.xyz/FYTV.txt失败，正在进行第1次重试...
2026-09-18T03:34:24+00:00 WARNING [run=97dc249ec63e474d8e4d022578b21b38 phase=fetch event=request.retrying] 🔄 请求https://gongdian.top/tv/ku9/webview.txt#JS=https://gongdian.top/tv/ku9/js/webview.js失败，正在进行第1次重试...
2026-09-18T03:34:26+00:00 WARNING [run=97dc249ec63e474d8e4d022578b21b38 phase=fetch event=source.request_failed] 订阅源请求失败：❌ 请求https://gongdian.top/tv/ku9/webview.txt#JS=https://gongdian.top/tv/ku9/js/webview.js失败，已达到最大重试次数
2026-09-18T03:34:26+00:00 WARNING [run=97dc249ec63e474d8e4d022578b21b38 phase=fetch event=request.retrying] 🔄 请求https://m.iill.top/Live.m3u失败，正在进行第1次重试...
2026-09-18T03:34:27+00:00 WARNING [run=97dc249ec63e474d8e4d022578b21b38 phase=fetch event=request.retrying] 🔄 请求https://ds65.tv1288.xyzhttps//cloud.7so.top/f/Bgw1H8/%E5%A4%A7%E6%94%B9.txt失败，正在进行第1次重试...
2026-09-18T03:34:27+00:00 INFO    [run=97dc249ec63e474d8e4d022578b21b38 phase=fetch event=progress.updated] 正在进行获取订阅源  101/168 (60%)  剩余 67
2026-09-18T03:34:28+00:00 WARNING [run=97dc249ec63e474d8e4d022578b21b38 phase=fetch event=source.request_failed] 订阅源请求失败：❌ 请求https://m.iill.top/Live.m3u失败，已达到最大重试次数
2026-09-18T03:34:28+00:00 WARNING [run=97dc249ec63e474d8e4d022578b21b38 phase=fetch event=source.request_failed] 订阅源请求失败：❌ 请求https://ds65.tv1288.xyzhttps//cloud.7so.top/f/Bgw1H8/%E5%A4%A7%E6%94%B9.txt失败，已达到最大重试次数
2026-09-18T03:34:29+00:00 WARNING [run=97dc249ec63e474d8e4d022578b21b38 phase=fetch event=request.retrying] 🔄 请求https://iptv.1989.click/playlist.m3u失败，正在进行第1次重试...
2026-09-18T03:34:30+00:00 WARNING [run=97dc249ec63e474d8e4d022578b21b38 phase=fetch event=request.retrying] 🔄 请求https://live.445569.xyz/live.m3u失败，正在进行第1次重试...
2026-09-18T03:34:30+00:00 WARNING [run=97dc249ec63e474d8e4d022578b21b38 phase=fetch event=source.request_failed] 订阅源请求失败：❌ 请求https://iptv.1989.click/playlist.m3u失败，已达到最大重试次数
2026-09-18T03:34:31+00:00 WARNING [run=97dc249ec63e474d8e4d022578b21b38 phase=fetch event=source.request_failed] 订阅源请求失败：❌ 请求https://live.445569.xyz/live.m3u失败，已达到最大重试次数
2026-09-18T03:34:31+00:00 WARNING [run=97dc249ec63e474d8e4d022578b21b38 phase=fetch event=request.retrying] 🔄 请求https://feer-cdn-bp.xpnb.qzz.io/xnkl.txt失败，正在进行第1次重试...
2026-09-18T03:34:32+00:00 INFO    [run=97dc249ec63e474d8e4d022578b21b38 phase=fetch event=progress.updated] 正在进行获取订阅源  118/168 (70%)  剩余 50
2026-09-18T03:34:32+00:00 WARNING [run=97dc249ec63e474d8e4d022578b21b38 phase=fetch event=source.request_failed] 订阅源请求失败：❌ 请求https://feer-cdn-bp.xpnb.qzz.io/xnkl.txt失败，已达到最大重试次数
2026-09-18T03:34:33+00:00 WARNING [run=97dc249ec63e474d8e4d022578b21b38 phase=fetch event=request.retrying] 🔄 请求https://live.zbds.org/tv/iptv6.m3u失败，正在进行第1次重试...
2026-09-18T03:34:33+00:00 WARNING [run=97dc249ec63e474d8e4d022578b21b38 phase=fetch event=request.retrying] 🔄 请求https://zbds.org/tv/iptv4.m3u失败，正在进行第1次重试...
2026-09-18T03:34:34+00:00 WARNING [run=97dc249ec63e474d8e4d022578b21b38 phase=fetch event=source.request_failed] 订阅源请求失败：❌ 请求https://live.zbds.org/tv/iptv6.m3u失败，已达到最大重试次数
2026-09-18T03:34:34+00:00 WARNING [run=97dc249ec63e474d8e4d022578b21b38 phase=fetch event=source.request_failed] 订阅源请求失败：❌ 请求https://zbds.org/tv/iptv4.m3u失败，已达到最大重试次数
2026-09-18T03:34:34+00:00 WARNING [run=97dc249ec63e474d8e4d022578b21b38 phase=fetch event=source.request_failed] 订阅源请求失败：❌ 请求http://iptv.4666888.xyz/FYTV.txt失败，已达到最大重试次数
2026-09-18T03:34:36+00:00 INFO    [run=97dc249ec63e474d8e4d022578b21b38 phase=fetch event=progress.updated] 正在进行获取订阅源  135/168 (80%)  剩余 33
2026-09-18T03:34:39+00:00 WARNING [run=97dc249ec63e474d8e4d022578b21b38 phase=fetch event=request.retrying] 🔄 请求https://t.freetv.fun/m3u/china_original.txt失败，正在进行第1次重试...
2026-09-18T03:34:40+00:00 INFO    [run=97dc249ec63e474d8e4d022578b21b38 phase=fetch event=progress.updated] 正在进行获取订阅源  152/168 (90%)  剩余 16
2026-09-18T03:34:40+00:00 WARNING [run=97dc249ec63e474d8e4d022578b21b38 phase=fetch event=request.retrying] 🔄 请求http://iptv.4666888.xyz/FYTV.m3u失败，正在进行第1次重试...
2026-09-18T03:34:51+00:00 WARNING [run=97dc249ec63e474d8e4d022578b21b38 phase=fetch event=source.request_failed] 订阅源请求失败：❌ 请求https://t.freetv.fun/m3u/china_original.txt失败，已达到最大重试次数
2026-09-18T03:34:52+00:00 WARNING [run=97dc249ec63e474d8e4d022578b21b38 phase=fetch event=source.request_failed] 订阅源请求失败：❌ 请求http://iptv.4666888.xyz/FYTV.m3u失败，已达到最大重试次数
2026-09-18T03:34:52+00:00 INFO    [run=97dc249ec63e474d8e4d022578b21b38 phase=fetch event=progress.updated] 正在进行获取订阅源  168/168 (100%)  剩余 0
2026-09-18T03:34:52+00:00 INFO    [run=97dc249ec63e474d8e4d022578b21b38 phase=fetch event=sources.subscribe.finished] 订阅源: ✅ 有效地址数量：168，⛔ 停用地址数量：0
2026-09-18T03:34:52+00:00 INFO    [run=97dc249ec63e474d8e4d022578b21b38 phase=fetch event=progress.finished] 正在进行获取订阅源  168/168  未匹配 10000
2026-09-18T03:37:12+00:00 INFO    [run=97dc249ec63e474d8e4d022578b21b38 phase=aggregate event=channels.aggregated] 频道数据聚合完成：28 个频道，8355 个接口（IPv4 6648 / IPv6 1707）
2026-09-18T03:37:12+00:00 INFO    [run=97dc249ec63e474d8e4d022578b21b38 phase=speed_test event=speed_test.planned] 总接口数量: 8223, 需要进行测速的接口数量: 6562
2026-09-18T03:37:12+00:00 INFO    [run=97dc249ec63e474d8e4d022578b21b38 phase=speed_test event=progress.started] 测速  0/6562
2026-09-18T03:37:12+00:00 INFO    [run=97dc249ec63e474d8e4d022578b21b38 phase=speed_test event=progress.updated] 测速  1/6562 (0%)  有效 0  失败 1  CCTV-1
2026-09-18T03:37:42+00:00 INFO    [run=97dc249ec63e474d8e4d022578b21b38 phase=speed_test event=progress.updated] 测速  61/6562 (0%)  有效 6  失败 55  CCTV-1
2026-09-18T03:38:13+00:00 INFO    [run=97dc249ec63e474d8e4d022578b21b38 phase=speed_test event=progress.updated] 测速  123/6562 (1%)  有效 31  失败 92  CCTV-4
2026-09-18T03:38:43+00:00 INFO    [run=97dc249ec63e474d8e4d022578b21b38 phase=speed_test event=progress.updated] 测速  175/6562 (2%)  有效 39  失败 136  CCTV-8
2026-09-18T03:39:13+00:00 INFO    [run=97dc249ec63e474d8e4d022578b21b38 phase=speed_test event=progress.updated] 测速  243/6562 (3%)  有效 48  失败 195  CCTV-9
2026-09-18T03:39:43+00:00 INFO    [run=97dc249ec63e474d8e4d022578b21b38 phase=speed_test event=progress.updated] 测速  310/6562 (4%)  有效 56  失败 254  CCTV-9
2026-09-18T03:40:14+00:00 INFO    [run=97dc249ec63e474d8e4d022578b21b38 phase=speed_test event=progress.updated] 测速  375/6562 (5%)  有效 57  失败 318  CCTV-10
2026-09-18T03:40:44+00:00 INFO    [run=97dc249ec63e474d8e4d022578b21b38 phase=speed_test event=progress.updated] 测速  431/6562 (6%)  有效 63  失败 368  CCTV-13
2026-09-18T03:41:14+00:00 INFO    [run=97dc249ec63e474d8e4d022578b21b38 phase=speed_test event=progress.updated] 测速  543/6562 (8%)  有效 71  失败 472  翡翠台
2026-09-18T03:41:44+00:00 INFO    [run=97dc249ec63e474d8e4d022578b21b38 phase=speed_test event=progress.updated] 测速  633/6562 (9%)  有效 78  失败 555  凤凰卫视
2026-09-18T03:42:14+00:00 INFO    [run=97dc249ec63e474d8e4d022578b21b38 phase=speed_test event=progress.updated] 测速  719/6562 (10%)  有效 82  失败 637  凤凰香港
2026-09-18T03:42:45+00:00 INFO    [run=97dc249ec63e474d8e4d022578b21b38 phase=speed_test event=progress.updated] 测速  839/6562 (12%)  有效 105  失败 734  广东卫视
2026-09-18T03:43:15+00:00 INFO    [run=97dc249ec63e474d8e4d022578b21b38 phase=speed_test event=progress.updated] 测速  918/6562 (13%)  有效 136  失败 782  广东民生
2026-09-18T03:43:45+00:00 INFO    [run=97dc249ec63e474d8e4d022578b21b38 phase=speed_test event=progress.updated] 测速  987/6562 (15%)  有效 166  失败 821  浙江卫视
2026-09-18T03:44:13+00:00 INFO    [run=97dc249ec63e474d8e4d022578b21b38 phase=speed_test event=speed_test.artifacts_written] 测速明细已写入 output/log/speed_test.log，有效结果已写入 output/log/result.log
2026-09-18T03:44:13+00:00 INFO    [run=97dc249ec63e474d8e4d022578b21b38 phase=speed_test event=progress.finished] 测速  6562/6562  有效 176  失败 869
2026-09-18T03:44:13+00:00 INFO    [run=97dc249ec63e474d8e4d022578b21b38 phase=output event=output.written] 结果文件生成完成：更新 3 个文件
2026-09-18T03:44:13+00:00 INFO    [run=97dc249ec63e474d8e4d022578b21b38 phase=statistics event=statistics.finished] 频道统计完成：测试 1045，有效 176
2026-09-18T03:44:13+00:00 INFO    [run=97dc249ec63e474d8e4d022578b21b38 phase=complete event=run.summary] 更新摘要
2026-09-18T03:44:13+00:00 INFO    [run=97dc249ec63e474d8e4d022578b21b38 phase=complete event=run.finished] 更新完成！总耗时：10:16
2026-09-19T07:21:20+00:00 INFO    [event=application.started] IPTV-API 版本: 3.0.0 (构建时间: 2026-08-07 11:45:59)
2026-09-19T07:21:20+00:00 INFO    [phase=prepare event=network.ipv6.checking] 🛜 正在检查当前网络是否支持IPv6...
2026-09-19T07:21:20+00:00 WARNING [phase=prepare event=network.ipv6.unsupported] 当前网络不支持IPv6，别担心，IPv6的结果会被保存下来
2026-09-19T07:21:20+00:00 INFO    [run=14408a79ac5c47a7b8e2bdcee2285cad phase=prepare event=run.started] 性能模式: auto → balance，可用资源: 4.0 CPU / 15.61 GB，并发: 测速 8、媒体探测 2、源抓取 8
2026-09-19T07:21:20+00:00 INFO    [run=14408a79ac5c47a7b8e2bdcee2285cad phase=prepare event=channels.catalog_loaded] 频道目录已加载：白名单 17，黑名单 17，台标 21
2026-09-19T07:21:20+00:00 INFO    [run=14408a79ac5c47a7b8e2bdcee2285cad phase=fetch event=sources.subscribe.summary] 订阅源数量：170，订阅白名单数量：0，停用地址数量：0，有效总数量：168
2026-09-19T07:21:20+00:00 INFO    [run=14408a79ac5c47a7b8e2bdcee2285cad phase=fetch event=progress.started] 正在进行获取订阅源  0/168
2026-09-19T07:21:20+00:00 INFO    [run=14408a79ac5c47a7b8e2bdcee2285cad phase=fetch event=sources.epg.summary] EPG源数量：1，EPG白名单数量：0，停用地址数量：0，有效总数量：1
2026-09-19T07:21:20+00:00 INFO    [run=14408a79ac5c47a7b8e2bdcee2285cad phase=fetch event=progress.started] 正在进行获取EPG源  0/1
2026-09-19T07:21:21+00:00 INFO    [run=14408a79ac5c47a7b8e2bdcee2285cad phase=fetch event=epg.source_parsed] EPG 源解析完成：http://e.erw.cc/e.xml.gz，保留节目 932 条
2026-09-19T07:21:21+00:00 INFO    [run=14408a79ac5c47a7b8e2bdcee2285cad phase=fetch event=progress.updated] 正在进行获取EPG源  1/1 (100%)  剩余 0
2026-09-19T07:21:21+00:00 INFO    [run=14408a79ac5c47a7b8e2bdcee2285cad phase=fetch event=sources.epg.finished] EPG源: ✅ 有效地址数量：1，⛔ 停用地址数量：0
2026-09-19T07:21:21+00:00 INFO    [run=14408a79ac5c47a7b8e2bdcee2285cad phase=fetch event=progress.finished] 正在进行获取EPG源  1/1  匹配 25 个频道
2026-09-19T07:21:21+00:00 INFO    [run=14408a79ac5c47a7b8e2bdcee2285cad phase=fetch event=progress.updated] 正在进行获取订阅源  1/168 (0%)  剩余 167
2026-09-19T07:21:29+00:00 INFO    [run=14408a79ac5c47a7b8e2bdcee2285cad phase=fetch event=progress.updated] 正在进行获取订阅源  17/168 (10%)  剩余 151
2026-09-19T07:21:32+00:00 INFO    [run=14408a79ac5c47a7b8e2bdcee2285cad phase=fetch event=progress.updated] 正在进行获取订阅源  34/168 (20%)  剩余 134
2026-09-19T07:21:33+00:00 WARNING [run=14408a79ac5c47a7b8e2bdcee2285cad phase=fetch event=request.retrying] 🔄 请求https://4key.cn/FP失败，正在进行第1次重试...
2026-09-19T07:21:34+00:00 WARNING [run=14408a79ac5c47a7b8e2bdcee2285cad phase=fetch event=source.request_failed] 订阅源请求失败：❌ 请求https://4key.cn/FP失败，已达到最大重试次数
2026-09-19T07:21:36+00:00 WARNING [run=14408a79ac5c47a7b8e2bdcee2285cad phase=fetch event=request.retrying] 🔄 请求https://d.kstore.dev/download/11344/yunduan.txt失败，正在进行第1次重试...
2026-09-19T07:21:36+00:00 WARNING [run=14408a79ac5c47a7b8e2bdcee2285cad phase=fetch event=request.retrying] 🔄 请求https://7337.kstore.vip/lib/kjtwzb.txt失败，正在进行第1次重试...
2026-09-19T07:21:37+00:00 WARNING [run=14408a79ac5c47a7b8e2bdcee2285cad phase=fetch event=source.request_failed] 订阅源请求失败：❌ 请求https://d.kstore.dev/download/11344/yunduan.txt失败，已达到最大重试次数
2026-09-19T07:21:37+00:00 INFO    [run=14408a79ac5c47a7b8e2bdcee2285cad phase=fetch event=progress.updated] 正在进行获取订阅源  51/168 (30%)  剩余 117
2026-09-19T07:21:37+00:00 WARNING [run=14408a79ac5c47a7b8e2bdcee2285cad phase=fetch event=source.request_failed] 订阅源请求失败：❌ 请求https://7337.kstore.vip/lib/kjtwzb.txt失败，已达到最大重试次数
2026-09-19T07:21:39+00:00 WARNING [run=14408a79ac5c47a7b8e2bdcee2285cad phase=fetch event=request.retrying] 🔄 请求https://live.zbds.org/tv/iptv4.txt失败，正在进行第1次重试...
2026-09-19T07:21:40+00:00 INFO    [run=14408a79ac5c47a7b8e2bdcee2285cad phase=fetch event=progress.updated] 正在进行获取订阅源  68/168 (40%)  剩余 100
2026-09-19T07:21:40+00:00 WARNING [run=14408a79ac5c47a7b8e2bdcee2285cad phase=fetch event=source.request_failed] 订阅源请求失败：❌ 请求https://live.zbds.org/tv/iptv4.txt失败，已达到最大重试次数
2026-09-19T07:21:44+00:00 INFO    [run=14408a79ac5c47a7b8e2bdcee2285cad phase=fetch event=progress.updated] 正在进行获取订阅源  84/168 (50%)  剩余 84
2026-09-19T07:21:44+00:00 WARNING [run=14408a79ac5c47a7b8e2bdcee2285cad phase=fetch event=request.retrying] 🔄 请求https://9730.kstore.space/%E9%A3%9B%E6%89%AC%E7%9B%B4%E6%92%AD.txt失败，正在进行第1次重试...
2026-09-19T07:21:44+00:00 WARNING [run=14408a79ac5c47a7b8e2bdcee2285cad phase=fetch event=request.retrying] 🔄 请求http://iptv.4666888.xyz/FYTV.txt失败，正在进行第1次重试...
2026-09-19T07:21:45+00:00 WARNING [run=14408a79ac5c47a7b8e2bdcee2285cad phase=fetch event=source.request_failed] 订阅源请求失败：❌ 请求https://9730.kstore.space/%E9%A3%9B%E6%89%AC%E7%9B%B4%E6%92%AD.txt失败，已达到最大重试次数
2026-09-19T07:21:47+00:00 WARNING [run=14408a79ac5c47a7b8e2bdcee2285cad phase=fetch event=request.retrying] 🔄 请求https://gongdian.top/tv/ku9/webview.txt#JS=https://gongdian.top/tv/ku9/js/webview.js失败，正在进行第1次重试...
2026-09-19T07:21:48+00:00 WARNING [run=14408a79ac5c47a7b8e2bdcee2285cad phase=fetch event=request.retrying] 🔄 请求https://m.iill.top/Live.m3u失败，正在进行第1次重试...
2026-09-19T07:21:48+00:00 WARNING [run=14408a79ac5c47a7b8e2bdcee2285cad phase=fetch event=source.request_failed] 订阅源请求失败：❌ 请求https://gongdian.top/tv/ku9/webview.txt#JS=https://gongdian.top/tv/ku9/js/webview.js失败，已达到最大重试次数
2026-09-19T07:21:48+00:00 INFO    [run=14408a79ac5c47a7b8e2bdcee2285cad phase=fetch event=progress.updated] 正在进行获取订阅源  101/168 (60%)  剩余 67
2026-09-19T07:21:49+00:00 WARNING [run=14408a79ac5c47a7b8e2bdcee2285cad phase=fetch event=request.retrying] 🔄 请求https://ds65.tv1288.xyzhttps//cloud.7so.top/f/Bgw1H8/%E5%A4%A7%E6%94%B9.txt失败，正在进行第1次重试...
2026-09-19T07:21:49+00:00 WARNING [run=14408a79ac5c47a7b8e2bdcee2285cad phase=fetch event=source.request_failed] 订阅源请求失败：❌ 请求https://m.iill.top/Live.m3u失败，已达到最大重试次数
2026-09-19T07:21:50+00:00 WARNING [run=14408a79ac5c47a7b8e2bdcee2285cad phase=fetch event=source.request_failed] 订阅源请求失败：❌ 请求https://ds65.tv1288.xyzhttps//cloud.7so.top/f/Bgw1H8/%E5%A4%A7%E6%94%B9.txt失败，已达到最大重试次数
2026-09-19T07:21:51+00:00 WARNING [run=14408a79ac5c47a7b8e2bdcee2285cad phase=fetch event=request.retrying] 🔄 请求https://iptv.1989.click/playlist.m3u失败，正在进行第1次重试...
2026-09-19T07:21:51+00:00 WARNING [run=14408a79ac5c47a7b8e2bdcee2285cad phase=fetch event=request.retrying] 🔄 请求https://live.445569.xyz/live.m3u失败，正在进行第1次重试...
2026-09-19T07:21:52+00:00 WARNING [run=14408a79ac5c47a7b8e2bdcee2285cad phase=fetch event=source.request_failed] 订阅源请求失败：❌ 请求https://iptv.1989.click/playlist.m3u失败，已达到最大重试次数
2026-09-19T07:21:52+00:00 WARNING [run=14408a79ac5c47a7b8e2bdcee2285cad phase=fetch event=source.request_failed] 订阅源请求失败：❌ 请求https://live.445569.xyz/live.m3u失败，已达到最大重试次数
2026-09-19T07:21:53+00:00 WARNING [run=14408a79ac5c47a7b8e2bdcee2285cad phase=fetch event=request.retrying] 🔄 请求https://feer-cdn-bp.xpnb.qzz.io/xnkl.txt失败，正在进行第1次重试...
2026-09-19T07:21:53+00:00 INFO    [run=14408a79ac5c47a7b8e2bdcee2285cad phase=fetch event=progress.updated] 正在进行获取订阅源  118/168 (70%)  剩余 50
2026-09-19T07:21:54+00:00 WARNING [run=14408a79ac5c47a7b8e2bdcee2285cad phase=fetch event=source.request_failed] 订阅源请求失败：❌ 请求https://feer-cdn-bp.xpnb.qzz.io/xnkl.txt失败，已达到最大重试次数
2026-09-19T07:21:54+00:00 WARNING [run=14408a79ac5c47a7b8e2bdcee2285cad phase=fetch event=request.retrying] 🔄 请求https://live.zbds.org/tv/iptv6.m3u失败，正在进行第1次重试...
2026-09-19T07:21:55+00:00 WARNING [run=14408a79ac5c47a7b8e2bdcee2285cad phase=fetch event=request.retrying] 🔄 请求https://zbds.org/tv/iptv4.m3u失败，正在进行第1次重试...
2026-09-19T07:21:55+00:00 WARNING [run=14408a79ac5c47a7b8e2bdcee2285cad phase=fetch event=source.request_failed] 订阅源请求失败：❌ 请求https://live.zbds.org/tv/iptv6.m3u失败，已达到最大重试次数
2026-09-19T07:21:56+00:00 WARNING [run=14408a79ac5c47a7b8e2bdcee2285cad phase=fetch event=source.request_failed] 订阅源请求失败：❌ 请求https://zbds.org/tv/iptv4.m3u失败，已达到最大重试次数
2026-09-19T07:21:56+00:00 WARNING [run=14408a79ac5c47a7b8e2bdcee2285cad phase=fetch event=source.request_failed] 订阅源请求失败：❌ 请求http://iptv.4666888.xyz/FYTV.txt失败，已达到最大重试次数
2026-09-19T07:21:57+00:00 INFO    [run=14408a79ac5c47a7b8e2bdcee2285cad phase=fetch event=progress.updated] 正在进行获取订阅源  135/168 (80%)  剩余 33
2026-09-19T07:22:01+00:00 INFO    [run=14408a79ac5c47a7b8e2bdcee2285cad phase=fetch event=progress.updated] 正在进行获取订阅源  152/168 (90%)  剩余 16
2026-09-19T07:22:01+00:00 WARNING [run=14408a79ac5c47a7b8e2bdcee2285cad phase=fetch event=request.retrying] 🔄 请求https://t.freetv.fun/m3u/china_original.txt失败，正在进行第1次重试...
2026-09-19T07:22:02+00:00 WARNING [run=14408a79ac5c47a7b8e2bdcee2285cad phase=fetch event=request.retrying] 🔄 请求http://iptv.4666888.xyz/FYTV.m3u失败，正在进行第1次重试...
2026-09-19T07:22:13+00:00 WARNING [run=14408a79ac5c47a7b8e2bdcee2285cad phase=fetch event=source.request_failed] 订阅源请求失败：❌ 请求https://t.freetv.fun/m3u/china_original.txt失败，已达到最大重试次数
2026-09-19T07:22:14+00:00 WARNING [run=14408a79ac5c47a7b8e2bdcee2285cad phase=fetch event=source.request_failed] 订阅源请求失败：❌ 请求http://iptv.4666888.xyz/FYTV.m3u失败，已达到最大重试次数
2026-09-19T07:22:14+00:00 INFO    [run=14408a79ac5c47a7b8e2bdcee2285cad phase=fetch event=progress.updated] 正在进行获取订阅源  168/168 (100%)  剩余 0
2026-09-19T07:22:14+00:00 INFO    [run=14408a79ac5c47a7b8e2bdcee2285cad phase=fetch event=sources.subscribe.finished] 订阅源: ✅ 有效地址数量：168，⛔ 停用地址数量：0
2026-09-19T07:22:14+00:00 INFO    [run=14408a79ac5c47a7b8e2bdcee2285cad phase=fetch event=progress.finished] 正在进行获取订阅源  168/168  未匹配 10000
2026-09-19T07:24:59+00:00 INFO    [run=14408a79ac5c47a7b8e2bdcee2285cad phase=aggregate event=channels.aggregated] 频道数据聚合完成：28 个频道，7157 个接口（IPv4 6543 / IPv6 202）
2026-09-19T07:24:59+00:00 INFO    [run=14408a79ac5c47a7b8e2bdcee2285cad phase=speed_test event=speed_test.planned] 总接口数量: 6673, 需要进行测速的接口数量: 6465
2026-09-19T07:24:59+00:00 INFO    [run=14408a79ac5c47a7b8e2bdcee2285cad phase=speed_test event=progress.started] 测速  0/6465
2026-09-19T07:25:00+00:00 INFO    [run=14408a79ac5c47a7b8e2bdcee2285cad phase=speed_test event=progress.updated] 测速  1/6465 (0%)  有效 1  失败 0  CCTV-1
2026-09-19T07:25:30+00:00 INFO    [run=14408a79ac5c47a7b8e2bdcee2285cad phase=speed_test event=progress.updated] 测速  70/6465 (1%)  有效 35  失败 35  CCTV-8
2026-09-19T07:26:01+00:00 INFO    [run=14408a79ac5c47a7b8e2bdcee2285cad phase=speed_test event=progress.updated] 测速  125/6465 (1%)  有效 50  失败 75  CCTV-10
2026-09-19T07:26:31+00:00 INFO    [run=14408a79ac5c47a7b8e2bdcee2285cad phase=speed_test event=progress.updated] 测速  183/6465 (2%)  有效 54  失败 129  CCTV-13
2026-09-19T07:27:02+00:00 INFO    [run=14408a79ac5c47a7b8e2bdcee2285cad phase=speed_test event=progress.updated] 测速  231/6465 (3%)  有效 56  失败 175  CCTV-13
2026-09-19T07:27:32+00:00 INFO    [run=14408a79ac5c47a7b8e2bdcee2285cad phase=speed_test event=progress.updated] 测速  332/6465 (5%)  有效 65  失败 267  翡翠台
2026-09-19T07:28:02+00:00 INFO    [run=14408a79ac5c47a7b8e2bdcee2285cad phase=speed_test event=progress.updated] 测速  420/6465 (6%)  有效 70  失败 350  凤凰卫视
2026-09-19T07:28:32+00:00 INFO    [run=14408a79ac5c47a7b8e2bdcee2285cad phase=speed_test event=progress.updated] 测速  482/6465 (7%)  有效 70  失败 412  凤凰卫视
2026-09-19T07:29:02+00:00 INFO    [run=14408a79ac5c47a7b8e2bdcee2285cad phase=speed_test event=progress.updated] 测速  579/6465 (8%)  有效 77  失败 502  凤凰资讯
2026-09-19T07:29:32+00:00 INFO    [run=14408a79ac5c47a7b8e2bdcee2285cad phase=speed_test event=progress.updated] 测速  665/6465 (10%)  有效 81  失败 584  TVB1
2026-09-19T07:30:03+00:00 INFO    [run=14408a79ac5c47a7b8e2bdcee2285cad phase=speed_test event=progress.updated] 测速  755/6465 (11%)  有效 89  失败 666  广东卫视
2026-09-19T07:30:34+00:00 INFO    [run=14408a79ac5c47a7b8e2bdcee2285cad phase=speed_test event=progress.updated] 测速  812/6465 (12%)  有效 89  失败 723  广东卫视
2026-09-19T07:31:04+00:00 INFO    [run=14408a79ac5c47a7b8e2bdcee2285cad phase=speed_test event=progress.updated] 测速  876/6465 (13%)  有效 90  失败 786  广东卫视
2026-09-19T07:31:35+00:00 INFO    [run=14408a79ac5c47a7b8e2bdcee2285cad phase=speed_test event=progress.updated] 测速  957/6465 (14%)  有效 129  失败 828  广州新闻
2026-09-19T07:32:05+00:00 INFO    [run=14408a79ac5c47a7b8e2bdcee2285cad phase=speed_test event=progress.updated] 测速  1019/6465 (15%)  有效 144  失败 875  江苏卫视
2026-09-19T07:32:35+00:00 INFO    [run=14408a79ac5c47a7b8e2bdcee2285cad phase=speed_test event=progress.updated] 测速  1076/6465 (16%)  有效 144  失败 932  江苏卫视
2026-09-19T07:33:05+00:00 INFO    [run=14408a79ac5c47a7b8e2bdcee2285cad phase=speed_test event=progress.updated] 测速  1139/6465 (17%)  有效 144  失败 995  江苏卫视
2026-09-19T07:33:36+00:00 INFO    [run=14408a79ac5c47a7b8e2bdcee2285cad phase=speed_test event=progress.updated] 测速  1196/6465 (18%)  有效 150  失败 1046  浙江卫视
2026-09-19T07:34:06+00:00 INFO    [run=14408a79ac5c47a7b8e2bdcee2285cad phase=speed_test event=progress.updated] 测速  1248/6465 (19%)  有效 152  失败 1096  浙江卫视
2026-09-19T07:34:36+00:00 INFO    [run=14408a79ac5c47a7b8e2bdcee2285cad phase=speed_test event=progress.updated] 测速  1301/6465 (20%)  有效 152  失败 1149  浙江卫视
2026-09-19T07:35:04+00:00 INFO    [run=14408a79ac5c47a7b8e2bdcee2285cad phase=speed_test event=speed_test.artifacts_written] 测速明细已写入 output/log/speed_test.log，有效结果已写入 output/log/result.log
2026-09-19T07:35:04+00:00 INFO    [run=14408a79ac5c47a7b8e2bdcee2285cad phase=speed_test event=progress.finished] 测速  6465/6465  有效 160  失败 1184
2026-09-19T07:35:04+00:00 INFO    [run=14408a79ac5c47a7b8e2bdcee2285cad phase=output event=output.written] 结果文件生成完成：更新 3 个文件
2026-09-19T07:35:05+00:00 INFO    [run=14408a79ac5c47a7b8e2bdcee2285cad phase=statistics event=statistics.finished] 频道统计完成：测试 1344，有效 160
2026-09-19T07:35:05+00:00 INFO    [run=14408a79ac5c47a7b8e2bdcee2285cad phase=complete event=run.summary] 更新摘要
2026-09-19T07:35:05+00:00 INFO    [run=14408a79ac5c47a7b8e2bdcee2285cad phase=complete event=run.finished] 更新完成！总耗时：13:44
2026-09-19T08:33:15+00:00 INFO    [event=application.started] IPTV-API 版本: 3.0.0 (构建时间: 2026-08-07 11:45:59)
2026-09-19T08:33:15+00:00 INFO    [phase=prepare event=network.ipv6.checking] 🛜 正在检查当前网络是否支持IPv6...
2026-09-19T08:33:16+00:00 WARNING [phase=prepare event=network.ipv6.unsupported] 当前网络不支持IPv6，别担心，IPv6的结果会被保存下来
2026-09-19T08:33:16+00:00 INFO    [run=ad052de452404b9a9c0eb98f0de182c1 phase=prepare event=run.started] 性能模式: auto → balance，可用资源: 4.0 CPU / 15.61 GB，并发: 测速 8、媒体探测 2、源抓取 8
2026-09-19T08:33:16+00:00 INFO    [run=ad052de452404b9a9c0eb98f0de182c1 phase=prepare event=channels.catalog_loaded] 频道目录已加载：白名单 17，黑名单 18，台标 21
2026-09-19T08:33:16+00:00 INFO    [run=ad052de452404b9a9c0eb98f0de182c1 phase=fetch event=sources.subscribe.summary] 订阅源数量：169，订阅白名单数量：0，停用地址数量：0，有效总数量：167
2026-09-19T08:33:16+00:00 INFO    [run=ad052de452404b9a9c0eb98f0de182c1 phase=fetch event=progress.started] 正在进行获取订阅源  0/167
2026-09-19T08:33:16+00:00 INFO    [run=ad052de452404b9a9c0eb98f0de182c1 phase=fetch event=sources.epg.summary] EPG源数量：1，EPG白名单数量：0，停用地址数量：0，有效总数量：1
2026-09-19T08:33:16+00:00 INFO    [run=ad052de452404b9a9c0eb98f0de182c1 phase=fetch event=progress.started] 正在进行获取EPG源  0/1
2026-09-19T08:33:17+00:00 INFO    [run=ad052de452404b9a9c0eb98f0de182c1 phase=fetch event=epg.source_parsed] EPG 源解析完成：http://e.erw.cc/e.xml.gz，保留节目 932 条
2026-09-19T08:33:17+00:00 INFO    [run=ad052de452404b9a9c0eb98f0de182c1 phase=fetch event=progress.updated] 正在进行获取EPG源  1/1 (100%)  剩余 0
2026-09-19T08:33:17+00:00 INFO    [run=ad052de452404b9a9c0eb98f0de182c1 phase=fetch event=sources.epg.finished] EPG源: ✅ 有效地址数量：1，⛔ 停用地址数量：0
2026-09-19T08:33:17+00:00 INFO    [run=ad052de452404b9a9c0eb98f0de182c1 phase=fetch event=progress.finished] 正在进行获取EPG源  1/1  匹配 25 个频道
2026-09-19T08:33:17+00:00 INFO    [run=ad052de452404b9a9c0eb98f0de182c1 phase=fetch event=progress.updated] 正在进行获取订阅源  1/167 (0%)  剩余 166
2026-09-19T08:33:23+00:00 INFO    [run=ad052de452404b9a9c0eb98f0de182c1 phase=fetch event=progress.updated] 正在进行获取订阅源  17/167 (10%)  剩余 150
2026-09-19T08:33:26+00:00 INFO    [run=ad052de452404b9a9c0eb98f0de182c1 phase=fetch event=progress.updated] 正在进行获取订阅源  34/167 (20%)  剩余 133
2026-09-19T08:33:26+00:00 WARNING [run=ad052de452404b9a9c0eb98f0de182c1 phase=fetch event=request.retrying] 🔄 请求https://d.kstore.dev/download/11344/yunduan.txt失败，正在进行第1次重试...
2026-09-19T08:33:27+00:00 WARNING [run=ad052de452404b9a9c0eb98f0de182c1 phase=fetch event=request.retrying] 🔄 请求https://4key.cn/FP失败，正在进行第1次重试...
2026-09-19T08:33:27+00:00 WARNING [run=ad052de452404b9a9c0eb98f0de182c1 phase=fetch event=source.request_failed] 订阅源请求失败：❌ 请求https://d.kstore.dev/download/11344/yunduan.txt失败，已达到最大重试次数
2026-09-19T08:33:28+00:00 WARNING [run=ad052de452404b9a9c0eb98f0de182c1 phase=fetch event=request.retrying] 🔄 请求https://7337.kstore.vip/lib/kjtwzb.txt失败，正在进行第1次重试...
2026-09-19T08:33:29+00:00 WARNING [run=ad052de452404b9a9c0eb98f0de182c1 phase=fetch event=source.request_failed] 订阅源请求失败：❌ 请求https://4key.cn/FP失败，已达到最大重试次数
2026-09-19T08:33:29+00:00 WARNING [run=ad052de452404b9a9c0eb98f0de182c1 phase=fetch event=source.request_failed] 订阅源请求失败：❌ 请求https://7337.kstore.vip/lib/kjtwzb.txt失败，已达到最大重试次数
2026-09-19T08:33:30+00:00 INFO    [run=ad052de452404b9a9c0eb98f0de182c1 phase=fetch event=progress.updated] 正在进行获取订阅源  51/167 (30%)  剩余 116
2026-09-19T08:33:32+00:00 WARNING [run=ad052de452404b9a9c0eb98f0de182c1 phase=fetch event=request.retrying] 🔄 请求https://live.zbds.org/tv/iptv4.txt失败，正在进行第1次重试...
2026-09-19T08:33:33+00:00 INFO    [run=ad052de452404b9a9c0eb98f0de182c1 phase=fetch event=progress.updated] 正在进行获取订阅源  67/167 (40%)  剩余 100
2026-09-19T08:33:33+00:00 WARNING [run=ad052de452404b9a9c0eb98f0de182c1 phase=fetch event=source.request_failed] 订阅源请求失败：❌ 请求https://live.zbds.org/tv/iptv4.txt失败，已达到最大重试次数
2026-09-19T08:33:38+00:00 WARNING [run=ad052de452404b9a9c0eb98f0de182c1 phase=fetch event=request.retrying] 🔄 请求https://9730.kstore.space/%E9%A3%9B%E6%89%AC%E7%9B%B4%E6%92%AD.txt失败，正在进行第1次重试...
2026-09-19T08:33:38+00:00 INFO    [run=ad052de452404b9a9c0eb98f0de182c1 phase=fetch event=progress.updated] 正在进行获取订阅源  84/167 (50%)  剩余 83
2026-09-19T08:33:39+00:00 WARNING [run=ad052de452404b9a9c0eb98f0de182c1 phase=fetch event=source.request_failed] 订阅源请求失败：❌ 请求https://9730.kstore.space/%E9%A3%9B%E6%89%AC%E7%9B%B4%E6%92%AD.txt失败，已达到最大重试次数
2026-09-19T08:33:40+00:00 WARNING [run=ad052de452404b9a9c0eb98f0de182c1 phase=fetch event=request.retrying] 🔄 请求http://iptv.4666888.xyz/FYTV.txt失败，正在进行第1次重试...
2026-09-19T08:33:40+00:00 WARNING [run=ad052de452404b9a9c0eb98f0de182c1 phase=fetch event=request.retrying] 🔄 请求https://gongdian.top/tv/ku9/webview.txt#JS=https://gongdian.top/tv/ku9/js/webview.js失败，正在进行第1次重试...
2026-09-19T08:33:41+00:00 WARNING [run=ad052de452404b9a9c0eb98f0de182c1 phase=fetch event=request.retrying] 🔄 请求https://m.iill.top/Live.m3u失败，正在进行第1次重试...
2026-09-19T08:33:42+00:00 WARNING [run=ad052de452404b9a9c0eb98f0de182c1 phase=fetch event=source.request_failed] 订阅源请求失败：❌ 请求https://gongdian.top/tv/ku9/webview.txt#JS=https://gongdian.top/tv/ku9/js/webview.js失败，已达到最大重试次数
2026-09-19T08:33:42+00:00 WARNING [run=ad052de452404b9a9c0eb98f0de182c1 phase=fetch event=source.request_failed] 订阅源请求失败：❌ 请求https://m.iill.top/Live.m3u失败，已达到最大重试次数
2026-09-19T08:33:43+00:00 INFO    [run=ad052de452404b9a9c0eb98f0de182c1 phase=fetch event=progress.updated] 正在进行获取订阅源  101/167 (60%)  剩余 66
2026-09-19T08:33:43+00:00 WARNING [run=ad052de452404b9a9c0eb98f0de182c1 phase=fetch event=request.retrying] 🔄 请求https://ds65.tv1288.xyzhttps//cloud.7so.top/f/Bgw1H8/%E5%A4%A7%E6%94%B9.txt失败，正在进行第1次重试...
2026-09-19T08:33:44+00:00 WARNING [run=ad052de452404b9a9c0eb98f0de182c1 phase=fetch event=source.request_failed] 订阅源请求失败：❌ 请求https://ds65.tv1288.xyzhttps//cloud.7so.top/f/Bgw1H8/%E5%A4%A7%E6%94%B9.txt失败，已达到最大重试次数
2026-09-19T08:33:45+00:00 WARNING [run=ad052de452404b9a9c0eb98f0de182c1 phase=fetch event=request.retrying] 🔄 请求https://iptv.1989.click/playlist.m3u失败，正在进行第1次重试...
2026-09-19T08:33:45+00:00 WARNING [run=ad052de452404b9a9c0eb98f0de182c1 phase=fetch event=request.retrying] 🔄 请求https://live.445569.xyz/live.m3u失败，正在进行第1次重试...
2026-09-19T08:33:46+00:00 WARNING [run=ad052de452404b9a9c0eb98f0de182c1 phase=fetch event=source.request_failed] 订阅源请求失败：❌ 请求https://iptv.1989.click/playlist.m3u失败，已达到最大重试次数
2026-09-19T08:33:46+00:00 WARNING [run=ad052de452404b9a9c0eb98f0de182c1 phase=fetch event=source.request_failed] 订阅源请求失败：❌ 请求https://live.445569.xyz/live.m3u失败，已达到最大重试次数
2026-09-19T08:33:46+00:00 INFO    [run=ad052de452404b9a9c0eb98f0de182c1 phase=fetch event=progress.updated] 正在进行获取订阅源  117/167 (70%)  剩余 50
2026-09-19T08:33:47+00:00 WARNING [run=ad052de452404b9a9c0eb98f0de182c1 phase=fetch event=request.retrying] 🔄 请求https://feer-cdn-bp.xpnb.qzz.io/xnkl.txt失败，正在进行第1次重试...
2026-09-19T08:33:48+00:00 WARNING [run=ad052de452404b9a9c0eb98f0de182c1 phase=fetch event=source.request_failed] 订阅源请求失败：❌ 请求https://feer-cdn-bp.xpnb.qzz.io/xnkl.txt失败，已达到最大重试次数
2026-09-19T08:33:49+00:00 WARNING [run=ad052de452404b9a9c0eb98f0de182c1 phase=fetch event=request.retrying] 🔄 请求https://live.zbds.org/tv/iptv6.m3u失败，正在进行第1次重试...
2026-09-19T08:33:49+00:00 WARNING [run=ad052de452404b9a9c0eb98f0de182c1 phase=fetch event=request.retrying] 🔄 请求https://zbds.org/tv/iptv4.m3u失败，正在进行第1次重试...
2026-09-19T08:33:50+00:00 WARNING [run=ad052de452404b9a9c0eb98f0de182c1 phase=fetch event=source.request_failed] 订阅源请求失败：❌ 请求https://live.zbds.org/tv/iptv6.m3u失败，已达到最大重试次数
2026-09-19T08:33:50+00:00 WARNING [run=ad052de452404b9a9c0eb98f0de182c1 phase=fetch event=source.request_failed] 订阅源请求失败：❌ 请求https://zbds.org/tv/iptv4.m3u失败，已达到最大重试次数
2026-09-19T08:33:51+00:00 INFO    [run=ad052de452404b9a9c0eb98f0de182c1 phase=fetch event=progress.updated] 正在进行获取订阅源  134/167 (80%)  剩余 33
2026-09-19T08:33:51+00:00 WARNING [run=ad052de452404b9a9c0eb98f0de182c1 phase=fetch event=source.request_failed] 订阅源请求失败：❌ 请求http://iptv.4666888.xyz/FYTV.txt失败，已达到最大重试次数
2026-09-19T08:33:55+00:00 INFO    [run=ad052de452404b9a9c0eb98f0de182c1 phase=fetch event=progress.updated] 正在进行获取订阅源  151/167 (90%)  剩余 16
2026-09-19T08:33:55+00:00 WARNING [run=ad052de452404b9a9c0eb98f0de182c1 phase=fetch event=request.retrying] 🔄 请求https://t.freetv.fun/m3u/china_original.txt失败，正在进行第1次重试...
2026-09-19T08:33:56+00:00 WARNING [run=ad052de452404b9a9c0eb98f0de182c1 phase=fetch event=request.retrying] 🔄 请求http://iptv.4666888.xyz/FYTV.m3u失败，正在进行第1次重试...
2026-09-19T08:34:07+00:00 WARNING [run=ad052de452404b9a9c0eb98f0de182c1 phase=fetch event=source.request_failed] 订阅源请求失败：❌ 请求https://t.freetv.fun/m3u/china_original.txt失败，已达到最大重试次数
2026-09-19T08:34:08+00:00 WARNING [run=ad052de452404b9a9c0eb98f0de182c1 phase=fetch event=source.request_failed] 订阅源请求失败：❌ 请求http://iptv.4666888.xyz/FYTV.m3u失败，已达到最大重试次数
2026-09-19T08:34:08+00:00 INFO    [run=ad052de452404b9a9c0eb98f0de182c1 phase=fetch event=progress.updated] 正在进行获取订阅源  167/167 (100%)  剩余 0
2026-09-19T08:34:08+00:00 INFO    [run=ad052de452404b9a9c0eb98f0de182c1 phase=fetch event=sources.subscribe.finished] 订阅源: ✅ 有效地址数量：167，⛔ 停用地址数量：0
2026-09-19T08:34:08+00:00 INFO    [run=ad052de452404b9a9c0eb98f0de182c1 phase=fetch event=progress.finished] 正在进行获取订阅源  167/167  未匹配 10000
2026-09-19T08:36:54+00:00 INFO    [run=ad052de452404b9a9c0eb98f0de182c1 phase=aggregate event=channels.aggregated] 频道数据聚合完成：28 个频道，8401 个接口（IPv4 6430 / IPv6 1562）
2026-09-19T08:36:54+00:00 INFO    [run=ad052de452404b9a9c0eb98f0de182c1 phase=speed_test event=speed_test.planned] 总接口数量: 7883, 需要进行测速的接口数量: 6354
2026-09-19T08:36:54+00:00 INFO    [run=ad052de452404b9a9c0eb98f0de182c1 phase=speed_test event=progress.started] 测速  0/6354
2026-09-19T08:36:54+00:00 INFO    [run=ad052de452404b9a9c0eb98f0de182c1 phase=speed_test event=progress.updated] 测速  1/6354 (0%)  有效 1  失败 0  CCTV-1
2026-09-19T08:37:25+00:00 INFO    [run=ad052de452404b9a9c0eb98f0de182c1 phase=speed_test event=progress.updated] 测速  78/6354 (1%)  有效 44  失败 34  CCTV-6
2026-09-19T08:37:55+00:00 INFO    [run=ad052de452404b9a9c0eb98f0de182c1 phase=speed_test event=progress.updated] 测速  134/6354 (2%)  有效 61  失败 73  CCTV-13
2026-09-19T08:38:25+00:00 INFO    [run=ad052de452404b9a9c0eb98f0de182c1 phase=speed_test event=progress.updated] 测速  247/6354 (3%)  有效 72  失败 175  明珠台
2026-09-19T08:38:55+00:00 INFO    [run=ad052de452404b9a9c0eb98f0de182c1 phase=speed_test event=progress.updated] 测速  316/6354 (4%)  有效 80  失败 236  凤凰香港
2026-09-19T08:39:26+00:00 INFO    [run=ad052de452404b9a9c0eb98f0de182c1 phase=speed_test event=progress.updated] 测速  430/6354 (6%)  有效 90  失败 340  广东卫视
2026-09-19T08:39:56+00:00 INFO    [run=ad052de452404b9a9c0eb98f0de182c1 phase=speed_test event=progress.updated] 测速  528/6354 (8%)  有效 127  失败 401  广东民生
2026-09-19T08:40:26+00:00 INFO    [run=ad052de452404b9a9c0eb98f0de182c1 phase=speed_test event=progress.updated] 测速  594/6354 (9%)  有效 161  失败 433  浙江卫视
2026-09-19T08:40:57+00:00 INFO    [run=ad052de452404b9a9c0eb98f0de182c1 phase=speed_test event=progress.updated] 测速  655/6354 (10%)  有效 169  失败 486  东南卫视
2026-09-19T08:41:27+00:00 INFO    [run=ad052de452404b9a9c0eb98f0de182c1 phase=speed_test event=progress.updated] 测速  710/6354 (11%)  有效 170  失败 540  东南卫视
2026-09-19T08:41:52+00:00 INFO    [run=ad052de452404b9a9c0eb98f0de182c1 phase=speed_test event=speed_test.artifacts_written] 测速明细已写入 output/log/speed_test.log，有效结果已写入 output/log/result.log
2026-09-19T08:41:52+00:00 INFO    [run=ad052de452404b9a9c0eb98f0de182c1 phase=speed_test event=progress.finished] 测速  6354/6354  有效 172  失败 586
2026-09-19T08:41:52+00:00 INFO    [run=ad052de452404b9a9c0eb98f0de182c1 phase=output event=output.written] 结果文件生成完成：更新 3 个文件
2026-09-19T08:41:53+00:00 INFO    [run=ad052de452404b9a9c0eb98f0de182c1 phase=statistics event=statistics.finished] 频道统计完成：测试 758，有效 172
2026-09-19T08:41:53+00:00 INFO    [run=ad052de452404b9a9c0eb98f0de182c1 phase=complete event=run.summary] 更新摘要
2026-09-19T08:41:53+00:00 INFO    [run=ad052de452404b9a9c0eb98f0de182c1 phase=complete event=run.finished] 更新完成！总耗时：08:37
2026-09-19T08:55:53+00:00 INFO    [event=application.started] IPTV-API 版本: 3.0.0 (构建时间: 2026-08-07 11:45:59)
2026-09-19T08:55:53+00:00 INFO    [phase=prepare event=network.ipv6.checking] 🛜 正在检查当前网络是否支持IPv6...
2026-09-19T08:55:53+00:00 WARNING [phase=prepare event=network.ipv6.unsupported] 当前网络不支持IPv6，别担心，IPv6的结果会被保存下来
2026-09-19T08:55:53+00:00 INFO    [run=21c6a56ad6e346489792514c814bb861 phase=prepare event=run.started] 性能模式: auto → balance，可用资源: 4.0 CPU / 15.61 GB，并发: 测速 8、媒体探测 2、源抓取 8
2026-09-19T08:55:53+00:00 INFO    [run=21c6a56ad6e346489792514c814bb861 phase=prepare event=channels.catalog_loaded] 频道目录已加载：白名单 17，黑名单 18，台标 21
2026-09-19T08:55:53+00:00 INFO    [run=21c6a56ad6e346489792514c814bb861 phase=fetch event=sources.subscribe.summary] 订阅源数量：169，订阅白名单数量：0，停用地址数量：0，有效总数量：167
2026-09-19T08:55:53+00:00 INFO    [run=21c6a56ad6e346489792514c814bb861 phase=fetch event=progress.started] 正在进行获取订阅源  0/167
2026-09-19T08:55:53+00:00 INFO    [run=21c6a56ad6e346489792514c814bb861 phase=fetch event=sources.epg.summary] EPG源数量：1，EPG白名单数量：0，停用地址数量：0，有效总数量：1
2026-09-19T08:55:53+00:00 INFO    [run=21c6a56ad6e346489792514c814bb861 phase=fetch event=progress.started] 正在进行获取EPG源  0/1
2026-09-19T08:55:54+00:00 INFO    [run=21c6a56ad6e346489792514c814bb861 phase=fetch event=epg.source_parsed] EPG 源解析完成：http://e.erw.cc/e.xml.gz，保留节目 932 条
2026-09-19T08:55:54+00:00 INFO    [run=21c6a56ad6e346489792514c814bb861 phase=fetch event=progress.updated] 正在进行获取EPG源  1/1 (100%)  剩余 0
2026-09-19T08:55:54+00:00 INFO    [run=21c6a56ad6e346489792514c814bb861 phase=fetch event=sources.epg.finished] EPG源: ✅ 有效地址数量：1，⛔ 停用地址数量：0
2026-09-19T08:55:54+00:00 INFO    [run=21c6a56ad6e346489792514c814bb861 phase=fetch event=progress.finished] 正在进行获取EPG源  1/1  匹配 25 个频道
2026-09-19T08:55:54+00:00 INFO    [run=21c6a56ad6e346489792514c814bb861 phase=fetch event=progress.updated] 正在进行获取订阅源  1/167 (0%)  剩余 166
2026-09-19T08:55:59+00:00 INFO    [run=21c6a56ad6e346489792514c814bb861 phase=fetch event=progress.updated] 正在进行获取订阅源  17/167 (10%)  剩余 150
2026-09-19T08:56:02+00:00 WARNING [run=21c6a56ad6e346489792514c814bb861 phase=fetch event=request.retrying] 🔄 请求https://d.kstore.dev/download/11344/yunduan.txt失败，正在进行第1次重试...
2026-09-19T08:56:03+00:00 INFO    [run=21c6a56ad6e346489792514c814bb861 phase=fetch event=progress.updated] 正在进行获取订阅源  34/167 (20%)  剩余 133
2026-09-19T08:56:03+00:00 WARNING [run=21c6a56ad6e346489792514c814bb861 phase=fetch event=request.retrying] 🔄 请求https://4key.cn/FP失败，正在进行第1次重试...
2026-09-19T08:56:03+00:00 WARNING [run=21c6a56ad6e346489792514c814bb861 phase=fetch event=source.request_failed] 订阅源请求失败：❌ 请求https://d.kstore.dev/download/11344/yunduan.txt失败，已达到最大重试次数
2026-09-19T08:56:04+00:00 WARNING [run=21c6a56ad6e346489792514c814bb861 phase=fetch event=request.retrying] 🔄 请求https://7337.kstore.vip/lib/kjtwzb.txt失败，正在进行第1次重试...
2026-09-19T08:56:05+00:00 WARNING [run=21c6a56ad6e346489792514c814bb861 phase=fetch event=source.request_failed] 订阅源请求失败：❌ 请求https://4key.cn/FP失败，已达到最大重试次数
2026-09-19T08:56:05+00:00 WARNING [run=21c6a56ad6e346489792514c814bb861 phase=fetch event=source.request_failed] 订阅源请求失败：❌ 请求https://7337.kstore.vip/lib/kjtwzb.txt失败，已达到最大重试次数
2026-09-19T08:56:06+00:00 INFO    [run=21c6a56ad6e346489792514c814bb861 phase=fetch event=progress.updated] 正在进行获取订阅源  51/167 (30%)  剩余 116
2026-09-19T08:56:09+00:00 WARNING [run=21c6a56ad6e346489792514c814bb861 phase=fetch event=request.retrying] 🔄 请求https://live.zbds.org/tv/iptv4.txt失败，正在进行第1次重试...
2026-09-19T08:56:09+00:00 INFO    [run=21c6a56ad6e346489792514c814bb861 phase=fetch event=progress.updated] 正在进行获取订阅源  67/167 (40%)  剩余 100
2026-09-19T08:56:10+00:00 WARNING [run=21c6a56ad6e346489792514c814bb861 phase=fetch event=source.request_failed] 订阅源请求失败：❌ 请求https://live.zbds.org/tv/iptv4.txt失败，已达到最大重试次数
2026-09-19T08:56:13+00:00 INFO    [run=21c6a56ad6e346489792514c814bb861 phase=fetch event=progress.updated] 正在进行获取订阅源  84/167 (50%)  剩余 83
2026-09-19T08:56:14+00:00 WARNING [run=21c6a56ad6e346489792514c814bb861 phase=fetch event=request.retrying] 🔄 请求https://9730.kstore.space/%E9%A3%9B%E6%89%AC%E7%9B%B4%E6%92%AD.txt失败，正在进行第1次重试...
2026-09-19T08:56:14+00:00 WARNING [run=21c6a56ad6e346489792514c814bb861 phase=fetch event=request.retrying] 🔄 请求http://iptv.4666888.xyz/FYTV.txt失败，正在进行第1次重试...
2026-09-19T08:56:15+00:00 WARNING [run=21c6a56ad6e346489792514c814bb861 phase=fetch event=source.request_failed] 订阅源请求失败：❌ 请求https://9730.kstore.space/%E9%A3%9B%E6%89%AC%E7%9B%B4%E6%92%AD.txt失败，已达到最大重试次数
2026-09-19T08:56:16+00:00 WARNING [run=21c6a56ad6e346489792514c814bb861 phase=fetch event=request.retrying] 🔄 请求https://gongdian.top/tv/ku9/webview.txt#JS=https://gongdian.top/tv/ku9/js/webview.js失败，正在进行第1次重试...
2026-09-19T08:56:17+00:00 WARNING [run=21c6a56ad6e346489792514c814bb861 phase=fetch event=request.retrying] 🔄 请求https://m.iill.top/Live.m3u失败，正在进行第1次重试...
2026-09-19T08:56:17+00:00 WARNING [run=21c6a56ad6e346489792514c814bb861 phase=fetch event=source.request_failed] 订阅源请求失败：❌ 请求https://gongdian.top/tv/ku9/webview.txt#JS=https://gongdian.top/tv/ku9/js/webview.js失败，已达到最大重试次数
2026-09-19T08:56:18+00:00 INFO    [run=21c6a56ad6e346489792514c814bb861 phase=fetch event=progress.updated] 正在进行获取订阅源  101/167 (60%)  剩余 66
2026-09-19T08:56:18+00:00 WARNING [run=21c6a56ad6e346489792514c814bb861 phase=fetch event=request.retrying] 🔄 请求https://ds65.tv1288.xyzhttps//cloud.7so.top/f/Bgw1H8/%E5%A4%A7%E6%94%B9.txt失败，正在进行第1次重试...
2026-09-19T08:56:19+00:00 WARNING [run=21c6a56ad6e346489792514c814bb861 phase=fetch event=source.request_failed] 订阅源请求失败：❌ 请求https://m.iill.top/Live.m3u失败，已达到最大重试次数
2026-09-19T08:56:19+00:00 WARNING [run=21c6a56ad6e346489792514c814bb861 phase=fetch event=source.request_failed] 订阅源请求失败：❌ 请求https://ds65.tv1288.xyzhttps//cloud.7so.top/f/Bgw1H8/%E5%A4%A7%E6%94%B9.txt失败，已达到最大重试次数
2026-09-19T08:56:20+00:00 WARNING [run=21c6a56ad6e346489792514c814bb861 phase=fetch event=request.retrying] 🔄 请求https://iptv.1989.click/playlist.m3u失败，正在进行第1次重试...
2026-09-19T08:56:20+00:00 WARNING [run=21c6a56ad6e346489792514c814bb861 phase=fetch event=request.retrying] 🔄 请求https://live.445569.xyz/live.m3u失败，正在进行第1次重试...
2026-09-19T08:56:21+00:00 WARNING [run=21c6a56ad6e346489792514c814bb861 phase=fetch event=source.request_failed] 订阅源请求失败：❌ 请求https://iptv.1989.click/playlist.m3u失败，已达到最大重试次数
2026-09-19T08:56:21+00:00 WARNING [run=21c6a56ad6e346489792514c814bb861 phase=fetch event=source.request_failed] 订阅源请求失败：❌ 请求https://live.445569.xyz/live.m3u失败，已达到最大重试次数
2026-09-19T08:56:22+00:00 INFO    [run=21c6a56ad6e346489792514c814bb861 phase=fetch event=progress.updated] 正在进行获取订阅源  117/167 (70%)  剩余 50
2026-09-19T08:56:22+00:00 WARNING [run=21c6a56ad6e346489792514c814bb861 phase=fetch event=request.retrying] 🔄 请求https://feer-cdn-bp.xpnb.qzz.io/xnkl.txt失败，正在进行第1次重试...
2026-09-19T08:56:23+00:00 WARNING [run=21c6a56ad6e346489792514c814bb861 phase=fetch event=request.retrying] 🔄 请求https://live.zbds.org/tv/iptv6.m3u失败，正在进行第1次重试...
2026-09-19T08:56:24+00:00 WARNING [run=21c6a56ad6e346489792514c814bb861 phase=fetch event=source.request_failed] 订阅源请求失败：❌ 请求https://feer-cdn-bp.xpnb.qzz.io/xnkl.txt失败，已达到最大重试次数
2026-09-19T08:56:24+00:00 WARNING [run=21c6a56ad6e346489792514c814bb861 phase=fetch event=request.retrying] 🔄 请求https://zbds.org/tv/iptv4.m3u失败，正在进行第1次重试...
2026-09-19T08:56:25+00:00 WARNING [run=21c6a56ad6e346489792514c814bb861 phase=fetch event=source.request_failed] 订阅源请求失败：❌ 请求https://live.zbds.org/tv/iptv6.m3u失败，已达到最大重试次数
2026-09-19T08:56:25+00:00 WARNING [run=21c6a56ad6e346489792514c814bb861 phase=fetch event=source.request_failed] 订阅源请求失败：❌ 请求https://zbds.org/tv/iptv4.m3u失败，已达到最大重试次数
2026-09-19T08:56:25+00:00 WARNING [run=21c6a56ad6e346489792514c814bb861 phase=fetch event=source.request_failed] 订阅源请求失败：❌ 请求http://iptv.4666888.xyz/FYTV.txt失败，已达到最大重试次数
2026-09-19T08:56:26+00:00 INFO    [run=21c6a56ad6e346489792514c814bb861 phase=fetch event=progress.updated] 正在进行获取订阅源  134/167 (80%)  剩余 33
2026-09-19T08:56:30+00:00 INFO    [run=21c6a56ad6e346489792514c814bb861 phase=fetch event=progress.updated] 正在进行获取订阅源  151/167 (90%)  剩余 16
2026-09-19T08:56:31+00:00 WARNING [run=21c6a56ad6e346489792514c814bb861 phase=fetch event=request.retrying] 🔄 请求https://t.freetv.fun/m3u/china_original.txt失败，正在进行第1次重试...
2026-09-19T08:56:31+00:00 WARNING [run=21c6a56ad6e346489792514c814bb861 phase=fetch event=request.retrying] 🔄 请求http://iptv.4666888.xyz/FYTV.m3u失败，正在进行第1次重试...
2026-09-19T08:56:42+00:00 WARNING [run=21c6a56ad6e346489792514c814bb861 phase=fetch event=source.request_failed] 订阅源请求失败：❌ 请求https://t.freetv.fun/m3u/china_original.txt失败，已达到最大重试次数
2026-09-19T08:56:43+00:00 WARNING [run=21c6a56ad6e346489792514c814bb861 phase=fetch event=source.request_failed] 订阅源请求失败：❌ 请求http://iptv.4666888.xyz/FYTV.m3u失败，已达到最大重试次数
2026-09-19T08:56:43+00:00 INFO    [run=21c6a56ad6e346489792514c814bb861 phase=fetch event=progress.updated] 正在进行获取订阅源  167/167 (100%)  剩余 0
2026-09-19T08:56:43+00:00 INFO    [run=21c6a56ad6e346489792514c814bb861 phase=fetch event=sources.subscribe.finished] 订阅源: ✅ 有效地址数量：167，⛔ 停用地址数量：0
2026-09-19T08:56:43+00:00 INFO    [run=21c6a56ad6e346489792514c814bb861 phase=fetch event=progress.finished] 正在进行获取订阅源  167/167  未匹配 10000
2026-09-19T08:59:03+00:00 INFO    [run=21c6a56ad6e346489792514c814bb861 phase=aggregate event=channels.aggregated] 频道数据聚合完成：28 个频道，7033 个接口（IPv4 6423 / IPv6 201）
2026-09-19T08:59:03+00:00 INFO    [run=21c6a56ad6e346489792514c814bb861 phase=speed_test event=speed_test.planned] 总接口数量: 6556, 需要进行测速的接口数量: 6349
2026-09-19T08:59:03+00:00 INFO    [run=21c6a56ad6e346489792514c814bb861 phase=speed_test event=progress.started] 测速  0/6349
2026-09-19T08:59:04+00:00 INFO    [run=21c6a56ad6e346489792514c814bb861 phase=speed_test event=progress.updated] 测速  1/6349 (0%)  有效 1  失败 0  CCTV-1
2026-09-19T08:59:35+00:00 INFO    [run=21c6a56ad6e346489792514c814bb861 phase=speed_test event=progress.updated] 测速  62/6349 (0%)  有效 28  失败 34  CCTV-6
2026-09-19T09:00:07+00:00 INFO    [run=21c6a56ad6e346489792514c814bb861 phase=speed_test event=progress.updated] 测速  129/6349 (2%)  有效 57  失败 72  CCTV-13
2026-09-19T09:00:37+00:00 INFO    [run=21c6a56ad6e346489792514c814bb861 phase=speed_test event=progress.updated] 测速  216/6349 (3%)  有效 65  失败 151  TVB News
2026-09-19T09:01:07+00:00 INFO    [run=21c6a56ad6e346489792514c814bb861 phase=speed_test event=progress.updated] 测速  308/6349 (4%)  有效 69  失败 239  凤凰卫视
2026-09-19T09:01:39+00:00 INFO    [run=21c6a56ad6e346489792514c814bb861 phase=speed_test event=progress.updated] 测速  369/6349 (5%)  有效 71  失败 298  凤凰卫视
2026-09-19T09:02:09+00:00 INFO    [run=21c6a56ad6e346489792514c814bb861 phase=speed_test event=progress.updated] 测速  461/6349 (7%)  有效 81  失败 380  凤凰资讯
2026-09-19T09:02:39+00:00 INFO    [run=21c6a56ad6e346489792514c814bb861 phase=speed_test event=progress.updated] 测速  561/6349 (8%)  有效 85  失败 476  RTHK32
2026-09-19T09:03:09+00:00 INFO    [run=21c6a56ad6e346489792514c814bb861 phase=speed_test event=progress.updated] 测速  663/6349 (10%)  有效 148  失败 515  江苏卫视
2026-09-19T09:03:39+00:00 INFO    [run=21c6a56ad6e346489792514c814bb861 phase=speed_test event=progress.updated] 测速  729/6349 (11%)  有效 169  失败 560  东南卫视
2026-09-19T09:03:42+00:00 INFO    [run=21c6a56ad6e346489792514c814bb861 phase=speed_test event=speed_test.artifacts_written] 测速明细已写入 output/log/speed_test.log，有效结果已写入 output/log/result.log
2026-09-19T09:03:42+00:00 INFO    [run=21c6a56ad6e346489792514c814bb861 phase=speed_test event=progress.finished] 测速  6349/6349  有效 169  失败 566
2026-09-19T09:03:42+00:00 INFO    [run=21c6a56ad6e346489792514c814bb861 phase=output event=output.written] 结果文件生成完成：更新 3 个文件
2026-09-19T09:03:42+00:00 INFO    [run=21c6a56ad6e346489792514c814bb861 phase=statistics event=statistics.finished] 频道统计完成：测试 735，有效 169
2026-09-19T09:03:42+00:00 INFO    [run=21c6a56ad6e346489792514c814bb861 phase=complete event=run.summary] 更新摘要
2026-09-19T09:03:42+00:00 INFO    [run=21c6a56ad6e346489792514c814bb861 phase=complete event=run.finished] 更新完成！总耗时：07:49
2026-09-19T09:30:55+00:00 INFO    [event=application.started] IPTV-API 版本: 3.0.0 (构建时间: 2026-08-07 11:45:59)
2026-09-19T09:30:55+00:00 INFO    [phase=prepare event=network.ipv6.checking] 🛜 正在检查当前网络是否支持IPv6...
2026-09-19T09:30:55+00:00 WARNING [phase=prepare event=network.ipv6.unsupported] 当前网络不支持IPv6，别担心，IPv6的结果会被保存下来
2026-09-19T09:30:55+00:00 INFO    [run=18d4769fec544a0a884e82cd5bc052b0 phase=prepare event=run.started] 性能模式: auto → balance，可用资源: 4.0 CPU / 15.61 GB，并发: 测速 8、媒体探测 2、源抓取 8
2026-09-19T09:30:55+00:00 INFO    [run=18d4769fec544a0a884e82cd5bc052b0 phase=prepare event=channels.catalog_loaded] 频道目录已加载：白名单 0，黑名单 16，台标 21
2026-09-19T09:30:55+00:00 INFO    [run=18d4769fec544a0a884e82cd5bc052b0 phase=fetch event=sources.subscribe.summary] 订阅源数量：169，订阅白名单数量：0，停用地址数量：0，有效总数量：167
2026-09-19T09:30:55+00:00 INFO    [run=18d4769fec544a0a884e82cd5bc052b0 phase=fetch event=progress.started] 正在进行获取订阅源  0/167
2026-09-19T09:30:55+00:00 INFO    [run=18d4769fec544a0a884e82cd5bc052b0 phase=fetch event=sources.epg.summary] EPG源数量：1，EPG白名单数量：0，停用地址数量：0，有效总数量：1
2026-09-19T09:30:55+00:00 INFO    [run=18d4769fec544a0a884e82cd5bc052b0 phase=fetch event=progress.started] 正在进行获取EPG源  0/1
2026-09-19T09:30:56+00:00 INFO    [run=18d4769fec544a0a884e82cd5bc052b0 phase=fetch event=epg.source_parsed] EPG 源解析完成：http://e.erw.cc/e.xml.gz，保留节目 932 条
2026-09-19T09:30:56+00:00 INFO    [run=18d4769fec544a0a884e82cd5bc052b0 phase=fetch event=progress.updated] 正在进行获取EPG源  1/1 (100%)  剩余 0
2026-09-19T09:30:56+00:00 INFO    [run=18d4769fec544a0a884e82cd5bc052b0 phase=fetch event=sources.epg.finished] EPG源: ✅ 有效地址数量：1，⛔ 停用地址数量：0
2026-09-19T09:30:56+00:00 INFO    [run=18d4769fec544a0a884e82cd5bc052b0 phase=fetch event=progress.finished] 正在进行获取EPG源  1/1  匹配 25 个频道
2026-09-19T09:30:57+00:00 INFO    [run=18d4769fec544a0a884e82cd5bc052b0 phase=fetch event=progress.updated] 正在进行获取订阅源  1/167 (0%)  剩余 166
2026-09-19T09:31:01+00:00 INFO    [run=18d4769fec544a0a884e82cd5bc052b0 phase=fetch event=progress.updated] 正在进行获取订阅源  17/167 (10%)  剩余 150
2026-09-19T09:31:04+00:00 WARNING [run=18d4769fec544a0a884e82cd5bc052b0 phase=fetch event=request.retrying] 🔄 请求https://d.kstore.dev/download/11344/yunduan.txt失败，正在进行第1次重试...
2026-09-19T09:31:05+00:00 WARNING [run=18d4769fec544a0a884e82cd5bc052b0 phase=fetch event=request.retrying] 🔄 请求https://4key.cn/FP失败，正在进行第1次重试...
2026-09-19T09:31:05+00:00 INFO    [run=18d4769fec544a0a884e82cd5bc052b0 phase=fetch event=progress.updated] 正在进行获取订阅源  34/167 (20%)  剩余 133
2026-09-19T09:31:05+00:00 WARNING [run=18d4769fec544a0a884e82cd5bc052b0 phase=fetch event=source.request_failed] 订阅源请求失败：❌ 请求https://d.kstore.dev/download/11344/yunduan.txt失败，已达到最大重试次数
2026-09-19T09:31:06+00:00 WARNING [run=18d4769fec544a0a884e82cd5bc052b0 phase=fetch event=source.request_failed] 订阅源请求失败：❌ 请求https://4key.cn/FP失败，已达到最大重试次数
2026-09-19T09:31:06+00:00 WARNING [run=18d4769fec544a0a884e82cd5bc052b0 phase=fetch event=request.retrying] 🔄 请求https://7337.kstore.vip/lib/kjtwzb.txt失败，正在进行第1次重试...
2026-09-19T09:31:08+00:00 WARNING [run=18d4769fec544a0a884e82cd5bc052b0 phase=fetch event=source.request_failed] 订阅源请求失败：❌ 请求https://7337.kstore.vip/lib/kjtwzb.txt失败，已达到最大重试次数
2026-09-19T09:31:08+00:00 INFO    [run=18d4769fec544a0a884e82cd5bc052b0 phase=fetch event=progress.updated] 正在进行获取订阅源  51/167 (30%)  剩余 116
2026-09-19T09:31:10+00:00 WARNING [run=18d4769fec544a0a884e82cd5bc052b0 phase=fetch event=request.retrying] 🔄 请求https://live.zbds.org/tv/iptv4.txt失败，正在进行第1次重试...
2026-09-19T09:31:11+00:00 INFO    [run=18d4769fec544a0a884e82cd5bc052b0 phase=fetch event=progress.updated] 正在进行获取订阅源  67/167 (40%)  剩余 100
2026-09-19T09:31:11+00:00 WARNING [run=18d4769fec544a0a884e82cd5bc052b0 phase=fetch event=source.request_failed] 订阅源请求失败：❌ 请求https://live.zbds.org/tv/iptv4.txt失败，已达到最大重试次数
2026-09-19T09:31:14+00:00 INFO    [run=18d4769fec544a0a884e82cd5bc052b0 phase=fetch event=progress.updated] 正在进行获取订阅源  84/167 (50%)  剩余 83
2026-09-19T09:31:15+00:00 WARNING [run=18d4769fec544a0a884e82cd5bc052b0 phase=fetch event=request.retrying] 🔄 请求https://9730.kstore.space/%E9%A3%9B%E6%89%AC%E7%9B%B4%E6%92%AD.txt失败，正在进行第1次重试...
2026-09-19T09:31:15+00:00 WARNING [run=18d4769fec544a0a884e82cd5bc052b0 phase=fetch event=request.retrying] 🔄 请求http://iptv.4666888.xyz/FYTV.txt失败，正在进行第1次重试...
2026-09-19T09:31:16+00:00 WARNING [run=18d4769fec544a0a884e82cd5bc052b0 phase=fetch event=source.request_failed] 订阅源请求失败：❌ 请求https://9730.kstore.space/%E9%A3%9B%E6%89%AC%E7%9B%B4%E6%92%AD.txt失败，已达到最大重试次数
2026-09-19T09:31:17+00:00 WARNING [run=18d4769fec544a0a884e82cd5bc052b0 phase=fetch event=request.retrying] 🔄 请求https://gongdian.top/tv/ku9/webview.txt#JS=https://gongdian.top/tv/ku9/js/webview.js失败，正在进行第1次重试...
2026-09-19T09:31:18+00:00 WARNING [run=18d4769fec544a0a884e82cd5bc052b0 phase=fetch event=request.retrying] 🔄 请求https://m.iill.top/Live.m3u失败，正在进行第1次重试...
2026-09-19T09:31:18+00:00 WARNING [run=18d4769fec544a0a884e82cd5bc052b0 phase=fetch event=source.request_failed] 订阅源请求失败：❌ 请求https://gongdian.top/tv/ku9/webview.txt#JS=https://gongdian.top/tv/ku9/js/webview.js失败，已达到最大重试次数
2026-09-19T09:31:19+00:00 INFO    [run=18d4769fec544a0a884e82cd5bc052b0 phase=fetch event=progress.updated] 正在进行获取订阅源  101/167 (60%)  剩余 66
2026-09-19T09:31:19+00:00 WARNING [run=18d4769fec544a0a884e82cd5bc052b0 phase=fetch event=request.retrying] 🔄 请求https://ds65.tv1288.xyzhttps//cloud.7so.top/f/Bgw1H8/%E5%A4%A7%E6%94%B9.txt失败，正在进行第1次重试...
2026-09-19T09:31:20+00:00 WARNING [run=18d4769fec544a0a884e82cd5bc052b0 phase=fetch event=source.request_failed] 订阅源请求失败：❌ 请求https://m.iill.top/Live.m3u失败，已达到最大重试次数
2026-09-19T09:31:20+00:00 WARNING [run=18d4769fec544a0a884e82cd5bc052b0 phase=fetch event=source.request_failed] 订阅源请求失败：❌ 请求https://ds65.tv1288.xyzhttps//cloud.7so.top/f/Bgw1H8/%E5%A4%A7%E6%94%B9.txt失败，已达到最大重试次数
2026-09-19T09:31:21+00:00 WARNING [run=18d4769fec544a0a884e82cd5bc052b0 phase=fetch event=request.retrying] 🔄 请求https://iptv.1989.click/playlist.m3u失败，正在进行第1次重试...
2026-09-19T09:31:21+00:00 WARNING [run=18d4769fec544a0a884e82cd5bc052b0 phase=fetch event=request.retrying] 🔄 请求https://live.445569.xyz/live.m3u失败，正在进行第1次重试...
2026-09-19T09:31:22+00:00 WARNING [run=18d4769fec544a0a884e82cd5bc052b0 phase=fetch event=source.request_failed] 订阅源请求失败：❌ 请求https://iptv.1989.click/playlist.m3u失败，已达到最大重试次数
2026-09-19T09:31:22+00:00 WARNING [run=18d4769fec544a0a884e82cd5bc052b0 phase=fetch event=source.request_failed] 订阅源请求失败：❌ 请求https://live.445569.xyz/live.m3u失败，已达到最大重试次数
2026-09-19T09:31:22+00:00 INFO    [run=18d4769fec544a0a884e82cd5bc052b0 phase=fetch event=progress.updated] 正在进行获取订阅源  117/167 (70%)  剩余 50
2026-09-19T09:31:23+00:00 WARNING [run=18d4769fec544a0a884e82cd5bc052b0 phase=fetch event=request.retrying] 🔄 请求https://feer-cdn-bp.xpnb.qzz.io/xnkl.txt失败，正在进行第1次重试...
2026-09-19T09:31:24+00:00 WARNING [run=18d4769fec544a0a884e82cd5bc052b0 phase=fetch event=source.request_failed] 订阅源请求失败：❌ 请求https://feer-cdn-bp.xpnb.qzz.io/xnkl.txt失败，已达到最大重试次数
2026-09-19T09:31:24+00:00 WARNING [run=18d4769fec544a0a884e82cd5bc052b0 phase=fetch event=request.retrying] 🔄 请求https://live.zbds.org/tv/iptv6.m3u失败，正在进行第1次重试...
2026-09-19T09:31:24+00:00 WARNING [run=18d4769fec544a0a884e82cd5bc052b0 phase=fetch event=request.retrying] 🔄 请求https://zbds.org/tv/iptv4.m3u失败，正在进行第1次重试...
2026-09-19T09:31:26+00:00 WARNING [run=18d4769fec544a0a884e82cd5bc052b0 phase=fetch event=source.request_failed] 订阅源请求失败：❌ 请求https://live.zbds.org/tv/iptv6.m3u失败，已达到最大重试次数
2026-09-19T09:31:26+00:00 WARNING [run=18d4769fec544a0a884e82cd5bc052b0 phase=fetch event=source.request_failed] 订阅源请求失败：❌ 请求https://zbds.org/tv/iptv4.m3u失败，已达到最大重试次数
2026-09-19T09:31:26+00:00 WARNING [run=18d4769fec544a0a884e82cd5bc052b0 phase=fetch event=source.request_failed] 订阅源请求失败：❌ 请求http://iptv.4666888.xyz/FYTV.txt失败，已达到最大重试次数
2026-09-19T09:31:27+00:00 INFO    [run=18d4769fec544a0a884e82cd5bc052b0 phase=fetch event=progress.updated] 正在进行获取订阅源  134/167 (80%)  剩余 33
2026-09-19T09:31:31+00:00 INFO    [run=18d4769fec544a0a884e82cd5bc052b0 phase=fetch event=progress.updated] 正在进行获取订阅源  151/167 (90%)  剩余 16
2026-09-19T09:31:31+00:00 WARNING [run=18d4769fec544a0a884e82cd5bc052b0 phase=fetch event=request.retrying] 🔄 请求https://t.freetv.fun/m3u/china_original.txt失败，正在进行第1次重试...
2026-09-19T09:31:32+00:00 WARNING [run=18d4769fec544a0a884e82cd5bc052b0 phase=fetch event=request.retrying] 🔄 请求http://iptv.4666888.xyz/FYTV.m3u失败，正在进行第1次重试...
2026-09-19T09:31:43+00:00 WARNING [run=18d4769fec544a0a884e82cd5bc052b0 phase=fetch event=source.request_failed] 订阅源请求失败：❌ 请求https://t.freetv.fun/m3u/china_original.txt失败，已达到最大重试次数
2026-09-19T09:31:44+00:00 WARNING [run=18d4769fec544a0a884e82cd5bc052b0 phase=fetch event=source.request_failed] 订阅源请求失败：❌ 请求http://iptv.4666888.xyz/FYTV.m3u失败，已达到最大重试次数
2026-09-19T09:31:44+00:00 INFO    [run=18d4769fec544a0a884e82cd5bc052b0 phase=fetch event=progress.updated] 正在进行获取订阅源  167/167 (100%)  剩余 0
2026-09-19T09:31:44+00:00 INFO    [run=18d4769fec544a0a884e82cd5bc052b0 phase=fetch event=sources.subscribe.finished] 订阅源: ✅ 有效地址数量：167，⛔ 停用地址数量：0
2026-09-19T09:31:44+00:00 INFO    [run=18d4769fec544a0a884e82cd5bc052b0 phase=fetch event=progress.finished] 正在进行获取订阅源  167/167  未匹配 10000
2026-09-19T09:33:48+00:00 INFO    [run=18d4769fec544a0a884e82cd5bc052b0 phase=aggregate event=channels.aggregated] 频道数据聚合完成：28 个频道，8016 个接口（IPv4 6453 / IPv6 1563）
2026-09-19T09:33:48+00:00 INFO    [run=18d4769fec544a0a884e82cd5bc052b0 phase=speed_test event=speed_test.planned] 总接口数量: 7888, 需要进行测速的接口数量: 6375
2026-09-19T09:33:48+00:00 INFO    [run=18d4769fec544a0a884e82cd5bc052b0 phase=speed_test event=progress.started] 测速  0/6375
2026-09-19T09:33:50+00:00 INFO    [run=18d4769fec544a0a884e82cd5bc052b0 phase=speed_test event=progress.updated] 测速  1/6375 (0%)  有效 1  失败 0  CCTV-1
2026-09-19T09:34:20+00:00 INFO    [run=18d4769fec544a0a884e82cd5bc052b0 phase=speed_test event=progress.updated] 测速  60/6375 (0%)  有效 14  失败 46  CCTV-2
2026-09-19T09:34:51+00:00 INFO    [run=18d4769fec544a0a884e82cd5bc052b0 phase=speed_test event=progress.updated] 测速  117/6375 (1%)  有效 28  失败 89  CCTV-6
2026-09-19T09:35:23+00:00 INFO    [run=18d4769fec544a0a884e82cd5bc052b0 phase=speed_test event=progress.updated] 测速  180/6375 (2%)  有效 37  失败 143  CCTV-8
2026-09-19T09:35:53+00:00 INFO    [run=18d4769fec544a0a884e82cd5bc052b0 phase=speed_test event=progress.updated] 测速  231/6375 (3%)  有效 43  失败 188  CCTV-9
2026-09-19T09:36:23+00:00 INFO    [run=18d4769fec544a0a884e82cd5bc052b0 phase=speed_test event=progress.updated] 测速  293/6375 (4%)  有效 56  失败 237  CCTV-13
2026-09-19T09:36:54+00:00 INFO    [run=18d4769fec544a0a884e82cd5bc052b0 phase=speed_test event=progress.updated] 测速  358/6375 (5%)  有效 56  失败 302  CCTV-13
2026-09-19T09:37:25+00:00 INFO    [run=18d4769fec544a0a884e82cd5bc052b0 phase=speed_test event=progress.updated] 测速  426/6375 (6%)  有效 57  失败 369  CCTV-13
2026-09-19T09:37:55+00:00 INFO    [run=18d4769fec544a0a884e82cd5bc052b0 phase=speed_test event=progress.updated] 测速  540/6375 (8%)  有效 64  失败 476  明珠台
2026-09-19T09:38:25+00:00 INFO    [run=18d4769fec544a0a884e82cd5bc052b0 phase=speed_test event=progress.updated] 测速  649/6375 (10%)  有效 86  失败 563  TVB1
2026-09-19T09:38:55+00:00 INFO    [run=18d4769fec544a0a884e82cd5bc052b0 phase=speed_test event=progress.updated] 测速  768/6375 (12%)  有效 134  失败 634  广东民生
2026-09-19T09:39:25+00:00 INFO    [run=18d4769fec544a0a884e82cd5bc052b0 phase=speed_test event=progress.updated] 测速  851/6375 (13%)  有效 176  失败 675  东南卫视
2026-09-19T09:39:34+00:00 INFO    [run=18d4769fec544a0a884e82cd5bc052b0 phase=speed_test event=speed_test.artifacts_written] 测速明细已写入 output/log/speed_test.log，有效结果已写入 output/log/result.log
2026-09-19T09:39:34+00:00 INFO    [run=18d4769fec544a0a884e82cd5bc052b0 phase=speed_test event=progress.finished] 测速  6375/6375  有效 178  失败 690
2026-09-19T09:39:34+00:00 INFO    [run=18d4769fec544a0a884e82cd5bc052b0 phase=output event=output.written] 结果文件生成完成：更新 3 个文件
2026-09-19T09:39:34+00:00 INFO    [run=18d4769fec544a0a884e82cd5bc052b0 phase=statistics event=statistics.finished] 频道统计完成：测试 868，有效 178
2026-09-19T09:39:34+00:00 INFO    [run=18d4769fec544a0a884e82cd5bc052b0 phase=complete event=run.summary] 更新摘要
2026-09-19T09:39:34+00:00 INFO    [run=18d4769fec544a0a884e82cd5bc052b0 phase=complete event=run.finished] 更新完成！总耗时：08:38
2026-09-24T23:22:28+00:00 INFO    [event=application.started] IPTV-API 版本: 3.0.0 (构建时间: 2026-08-07 11:45:59)
2026-09-24T23:22:28+00:00 INFO    [phase=prepare event=network.ipv6.checking] 🛜 正在检查当前网络是否支持IPv6...
2026-09-24T23:22:28+00:00 WARNING [phase=prepare event=network.ipv6.unsupported] 当前网络不支持IPv6，别担心，IPv6的结果会被保存下来
2026-09-24T23:22:28+00:00 INFO    [run=3f9094ec82474271b51e38df004c534a phase=prepare event=run.started] 性能模式: auto → balance，可用资源: 4.0 CPU / 15.61 GB，并发: 测速 8、媒体探测 2、源抓取 8
2026-09-24T23:22:28+00:00 INFO    [run=3f9094ec82474271b51e38df004c534a phase=prepare event=channels.catalog_loaded] 频道目录已加载：白名单 0，黑名单 16，台标 21
2026-09-24T23:22:28+00:00 INFO    [run=3f9094ec82474271b51e38df004c534a phase=fetch event=sources.subscribe.summary] 订阅源数量：169，订阅白名单数量：0，停用地址数量：0，有效总数量：167
2026-09-24T23:22:28+00:00 INFO    [run=3f9094ec82474271b51e38df004c534a phase=fetch event=progress.started] 正在进行获取订阅源  0/167
2026-09-24T23:22:28+00:00 INFO    [run=3f9094ec82474271b51e38df004c534a phase=fetch event=sources.epg.summary] EPG源数量：1，EPG白名单数量：0，停用地址数量：0，有效总数量：1
2026-09-24T23:22:28+00:00 INFO    [run=3f9094ec82474271b51e38df004c534a phase=fetch event=progress.started] 正在进行获取EPG源  0/1
2026-09-24T23:22:29+00:00 INFO    [run=3f9094ec82474271b51e38df004c534a phase=fetch event=epg.source_parsed] EPG 源解析完成：http://e.erw.cc/e.xml.gz，保留节目 913 条
2026-09-24T23:22:29+00:00 INFO    [run=3f9094ec82474271b51e38df004c534a phase=fetch event=progress.updated] 正在进行获取EPG源  1/1 (100%)  剩余 0
2026-09-24T23:22:29+00:00 INFO    [run=3f9094ec82474271b51e38df004c534a phase=fetch event=sources.epg.finished] EPG源: ✅ 有效地址数量：1，⛔ 停用地址数量：0
2026-09-24T23:22:29+00:00 INFO    [run=3f9094ec82474271b51e38df004c534a phase=fetch event=progress.finished] 正在进行获取EPG源  1/1  匹配 25 个频道
2026-09-24T23:22:29+00:00 INFO    [run=3f9094ec82474271b51e38df004c534a phase=fetch event=progress.updated] 正在进行获取订阅源  1/167 (0%)  剩余 166
2026-09-24T23:22:35+00:00 INFO    [run=3f9094ec82474271b51e38df004c534a phase=fetch event=progress.updated] 正在进行获取订阅源  17/167 (10%)  剩余 150
2026-09-24T23:22:38+00:00 WARNING [run=3f9094ec82474271b51e38df004c534a phase=fetch event=request.retrying] 🔄 请求https://d.kstore.dev/download/11344/yunduan.txt失败，正在进行第1次重试...
2026-09-24T23:22:39+00:00 INFO    [run=3f9094ec82474271b51e38df004c534a phase=fetch event=progress.updated] 正在进行获取订阅源  34/167 (20%)  剩余 133
2026-09-24T23:22:39+00:00 WARNING [run=3f9094ec82474271b51e38df004c534a phase=fetch event=source.request_failed] 订阅源请求失败：❌ 请求https://d.kstore.dev/download/11344/yunduan.txt失败，已达到最大重试次数
2026-09-24T23:22:40+00:00 WARNING [run=3f9094ec82474271b51e38df004c534a phase=fetch event=request.retrying] 🔄 请求https://gitee.com/mytv-android/iptv-api/raw/master/output/result.m3u失败，正在进行第1次重试...
2026-09-24T23:22:40+00:00 WARNING [run=3f9094ec82474271b51e38df004c534a phase=fetch event=request.retrying] 🔄 请求https://7337.kstore.vip/lib/kjtwzb.txt失败，正在进行第1次重试...
2026-09-24T23:22:41+00:00 WARNING [run=3f9094ec82474271b51e38df004c534a phase=fetch event=source.request_failed] 订阅源请求失败：❌ 请求https://7337.kstore.vip/lib/kjtwzb.txt失败，已达到最大重试次数
2026-09-24T23:22:43+00:00 INFO    [run=3f9094ec82474271b51e38df004c534a phase=fetch event=progress.updated] 正在进行获取订阅源  51/167 (30%)  剩余 116
2026-09-24T23:22:45+00:00 WARNING [run=3f9094ec82474271b51e38df004c534a phase=fetch event=request.retrying] 🔄 请求https://live.zbds.org/tv/iptv4.txt失败，正在进行第1次重试...
2026-09-24T23:22:46+00:00 WARNING [run=3f9094ec82474271b51e38df004c534a phase=fetch event=source.request_failed] 订阅源请求失败：❌ 请求https://live.zbds.org/tv/iptv4.txt失败，已达到最大重试次数
2026-09-24T23:22:46+00:00 INFO    [run=3f9094ec82474271b51e38df004c534a phase=fetch event=progress.updated] 正在进行获取订阅源  67/167 (40%)  剩余 100
2026-09-24T23:22:49+00:00 WARNING [run=3f9094ec82474271b51e38df004c534a phase=fetch event=request.retrying] 🔄 请求https://4key.cn/FP失败，正在进行第1次重试...
2026-09-24T23:22:50+00:00 INFO    [run=3f9094ec82474271b51e38df004c534a phase=fetch event=progress.updated] 正在进行获取订阅源  84/167 (50%)  剩余 83
2026-09-24T23:22:51+00:00 WARNING [run=3f9094ec82474271b51e38df004c534a phase=fetch event=request.retrying] 🔄 请求http://iptv.4666888.xyz/FYTV.txt失败，正在进行第1次重试...
2026-09-24T23:22:51+00:00 WARNING [run=3f9094ec82474271b51e38df004c534a phase=fetch event=request.retrying] 🔄 请求https://9730.kstore.space/%E9%A3%9B%E6%89%AC%E7%9B%B4%E6%92%AD.txt失败，正在进行第1次重试...
2026-09-24T23:22:52+00:00 WARNING [run=3f9094ec82474271b51e38df004c534a phase=fetch event=source.request_failed] 订阅源请求失败：❌ 请求https://9730.kstore.space/%E9%A3%9B%E6%89%AC%E7%9B%B4%E6%92%AD.txt失败，已达到最大重试次数
2026-09-24T23:22:53+00:00 WARNING [run=3f9094ec82474271b51e38df004c534a phase=fetch event=request.retrying] 🔄 请求https://gongdian.top/tv/ku9/webview.txt#JS=https://gongdian.top/tv/ku9/js/webview.js失败，正在进行第1次重试...
2026-09-24T23:22:54+00:00 WARNING [run=3f9094ec82474271b51e38df004c534a phase=fetch event=request.retrying] 🔄 请求https://m.iill.top/Live.m3u失败，正在进行第1次重试...
2026-09-24T23:22:55+00:00 WARNING [run=3f9094ec82474271b51e38df004c534a phase=fetch event=source.request_failed] 订阅源请求失败：❌ 请求https://gongdian.top/tv/ku9/webview.txt#JS=https://gongdian.top/tv/ku9/js/webview.js失败，已达到最大重试次数
2026-09-24T23:22:55+00:00 WARNING [run=3f9094ec82474271b51e38df004c534a phase=fetch event=source.request_failed] 订阅源请求失败：❌ 请求https://m.iill.top/Live.m3u失败，已达到最大重试次数
2026-09-24T23:22:56+00:00 INFO    [run=3f9094ec82474271b51e38df004c534a phase=fetch event=progress.updated] 正在进行获取订阅源  101/167 (60%)  剩余 66
2026-09-24T23:22:56+00:00 WARNING [run=3f9094ec82474271b51e38df004c534a phase=fetch event=request.retrying] 🔄 请求https://ds65.tv1288.xyzhttps//cloud.7so.top/f/Bgw1H8/%E5%A4%A7%E6%94%B9.txt失败，正在进行第1次重试...
2026-09-24T23:22:57+00:00 WARNING [run=3f9094ec82474271b51e38df004c534a phase=fetch event=source.request_failed] 订阅源请求失败：❌ 请求https://ds65.tv1288.xyzhttps//cloud.7so.top/f/Bgw1H8/%E5%A4%A7%E6%94%B9.txt失败，已达到最大重试次数
2026-09-24T23:22:58+00:00 WARNING [run=3f9094ec82474271b51e38df004c534a phase=fetch event=request.retrying] 🔄 请求https://iptv.1989.click/playlist.m3u失败，正在进行第1次重试...
2026-09-24T23:22:59+00:00 WARNING [run=3f9094ec82474271b51e38df004c534a phase=fetch event=request.retrying] 🔄 请求https://live.445569.xyz/live.m3u失败，正在进行第1次重试...
2026-09-24T23:22:59+00:00 WARNING [run=3f9094ec82474271b51e38df004c534a phase=fetch event=source.request_failed] 订阅源请求失败：❌ 请求https://iptv.1989.click/playlist.m3u失败，已达到最大重试次数
2026-09-24T23:23:00+00:00 WARNING [run=3f9094ec82474271b51e38df004c534a phase=fetch event=source.request_failed] 订阅源请求失败：❌ 请求https://live.445569.xyz/live.m3u失败，已达到最大重试次数
2026-09-24T23:23:00+00:00 WARNING [run=3f9094ec82474271b51e38df004c534a phase=fetch event=request.retrying] 🔄 请求https://feer-cdn-bp.xpnb.qzz.io/xnkl.txt失败，正在进行第1次重试...
2026-09-24T23:23:01+00:00 WARNING [run=3f9094ec82474271b51e38df004c534a phase=fetch event=source.request_failed] 订阅源请求失败：❌ 请求https://4key.cn/FP失败，已达到最大重试次数
2026-09-24T23:23:01+00:00 INFO    [run=3f9094ec82474271b51e38df004c534a phase=fetch event=progress.updated] 正在进行获取订阅源  117/167 (70%)  剩余 50
2026-09-24T23:23:02+00:00 WARNING [run=3f9094ec82474271b51e38df004c534a phase=fetch event=source.request_failed] 订阅源请求失败：❌ 请求https://feer-cdn-bp.xpnb.qzz.io/xnkl.txt失败，已达到最大重试次数
2026-09-24T23:23:02+00:00 WARNING [run=3f9094ec82474271b51e38df004c534a phase=fetch event=request.retrying] 🔄 请求https://live.zbds.org/tv/iptv6.m3u失败，正在进行第1次重试...
2026-09-24T23:23:03+00:00 WARNING [run=3f9094ec82474271b51e38df004c534a phase=fetch event=request.retrying] 🔄 请求https://zbds.org/tv/iptv4.m3u失败，正在进行第1次重试...
2026-09-24T23:23:03+00:00 WARNING [run=3f9094ec82474271b51e38df004c534a phase=fetch event=source.request_failed] 订阅源请求失败：❌ 请求http://iptv.4666888.xyz/FYTV.txt失败，已达到最大重试次数
2026-09-24T23:23:03+00:00 WARNING [run=3f9094ec82474271b51e38df004c534a phase=fetch event=source.request_failed] 订阅源请求失败：❌ 请求https://live.zbds.org/tv/iptv6.m3u失败，已达到最大重试次数
2026-09-24T23:23:04+00:00 WARNING [run=3f9094ec82474271b51e38df004c534a phase=fetch event=source.request_failed] 订阅源请求失败：❌ 请求https://zbds.org/tv/iptv4.m3u失败，已达到最大重试次数
2026-09-24T23:23:05+00:00 INFO    [run=3f9094ec82474271b51e38df004c534a phase=fetch event=progress.updated] 正在进行获取订阅源  134/167 (80%)  剩余 33
2026-09-24T23:23:08+00:00 WARNING [run=3f9094ec82474271b51e38df004c534a phase=fetch event=request.retrying] 🔄 请求https://t.freetv.fun/m3u/china_original.txt失败，正在进行第1次重试...
2026-09-24T23:23:08+00:00 INFO    [run=3f9094ec82474271b51e38df004c534a phase=fetch event=progress.updated] 正在进行获取订阅源  151/167 (90%)  剩余 16
2026-09-24T23:23:09+00:00 WARNING [run=3f9094ec82474271b51e38df004c534a phase=fetch event=request.retrying] 🔄 请求http://iptv.4666888.xyz/FYTV.m3u失败，正在进行第1次重试...
2026-09-24T23:23:20+00:00 WARNING [run=3f9094ec82474271b51e38df004c534a phase=fetch event=source.request_failed] 订阅源请求失败：❌ 请求https://t.freetv.fun/m3u/china_original.txt失败，已达到最大重试次数
2026-09-24T23:23:22+00:00 WARNING [run=3f9094ec82474271b51e38df004c534a phase=fetch event=source.request_failed] 订阅源请求失败：❌ 请求http://iptv.4666888.xyz/FYTV.m3u失败，已达到最大重试次数
2026-09-24T23:23:22+00:00 INFO    [run=3f9094ec82474271b51e38df004c534a phase=fetch event=progress.updated] 正在进行获取订阅源  167/167 (100%)  剩余 0
2026-09-24T23:23:22+00:00 INFO    [run=3f9094ec82474271b51e38df004c534a phase=fetch event=sources.subscribe.finished] 订阅源: ✅ 有效地址数量：167，⛔ 停用地址数量：0
2026-09-24T23:23:22+00:00 INFO    [run=3f9094ec82474271b51e38df004c534a phase=fetch event=progress.finished] 正在进行获取订阅源  167/167  未匹配 10000
2026-09-24T23:25:16+00:00 INFO    [run=3f9094ec82474271b51e38df004c534a phase=aggregate event=channels.aggregated] 频道数据聚合完成：28 个频道，6800 个接口（IPv4 6476 / IPv6 324）
2026-09-24T23:25:16+00:00 INFO    [run=3f9094ec82474271b51e38df004c534a phase=speed_test event=speed_test.planned] 总接口数量: 6709, 需要进行测速的接口数量: 6397
2026-09-24T23:25:16+00:00 INFO    [run=3f9094ec82474271b51e38df004c534a phase=speed_test event=progress.started] 测速  0/6397
2026-09-24T23:25:17+00:00 INFO    [run=3f9094ec82474271b51e38df004c534a phase=speed_test event=progress.updated] 测速  1/6397 (0%)  有效 1  失败 0  CCTV-1
2026-09-24T23:25:47+00:00 INFO    [run=3f9094ec82474271b51e38df004c534a phase=speed_test event=progress.updated] 测速  61/6397 (0%)  有效 22  失败 39  CCTV-4
2026-09-24T23:26:17+00:00 INFO    [run=3f9094ec82474271b51e38df004c534a phase=speed_test event=progress.updated] 测速  116/6397 (1%)  有效 39  失败 77  CCTV-8
2026-09-24T23:26:47+00:00 INFO    [run=3f9094ec82474271b51e38df004c534a phase=speed_test event=progress.updated] 测速  173/6397 (2%)  有效 60  失败 113  CCTV-13
2026-09-24T23:27:17+00:00 INFO    [run=3f9094ec82474271b51e38df004c534a phase=speed_test event=progress.updated] 测速  265/6397 (4%)  有效 65  失败 200  翡翠台
2026-09-24T23:27:48+00:00 INFO    [run=3f9094ec82474271b51e38df004c534a phase=speed_test event=progress.updated] 测速  367/6397 (5%)  有效 69  失败 298  凤凰卫视
2026-09-24T23:28:18+00:00 INFO    [run=3f9094ec82474271b51e38df004c534a phase=speed_test event=progress.updated] 测速  442/6397 (6%)  有效 73  失败 369  凤凰香港
2026-09-24T23:28:49+00:00 INFO    [run=3f9094ec82474271b51e38df004c534a phase=speed_test event=progress.updated] 测速  537/6397 (8%)  有效 80  失败 457  凤凰资讯
2026-09-24T23:29:20+00:00 INFO    [run=3f9094ec82474271b51e38df004c534a phase=speed_test event=progress.updated] 测速  655/6397 (10%)  有效 92  失败 563  RTHK32
2026-09-24T23:29:50+00:00 INFO    [run=3f9094ec82474271b51e38df004c534a phase=speed_test event=progress.updated] 测速  715/6397 (11%)  有效 92  失败 623  广东卫视
2026-09-24T23:30:21+00:00 INFO    [run=3f9094ec82474271b51e38df004c534a phase=speed_test event=progress.updated] 测速  770/6397 (12%)  有效 92  失败 678  广东卫视
2026-09-24T23:30:51+00:00 INFO    [run=3f9094ec82474271b51e38df004c534a phase=speed_test event=progress.updated] 测速  843/6397 (13%)  有效 113  失败 730  广东珠江
2026-09-24T23:31:22+00:00 INFO    [run=3f9094ec82474271b51e38df004c534a phase=speed_test event=progress.updated] 测速  920/6397 (14%)  有效 154  失败 766  浙江卫视
2026-09-24T23:31:52+00:00 INFO    [run=3f9094ec82474271b51e38df004c534a phase=speed_test event=progress.updated] 测速  989/6397 (15%)  有效 163  失败 826  东南卫视
2026-09-24T23:32:22+00:00 INFO    [run=3f9094ec82474271b51e38df004c534a phase=speed_test event=progress.updated] 测速  1049/6397 (16%)  有效 163  失败 886  东南卫视
2026-09-24T23:32:52+00:00 INFO    [run=3f9094ec82474271b51e38df004c534a phase=speed_test event=speed_test.artifacts_written] 测速明细已写入 output/log/speed_test.log，有效结果已写入 output/log/result.log
2026-09-24T23:32:52+00:00 INFO    [run=3f9094ec82474271b51e38df004c534a phase=speed_test event=progress.finished] 测速  6397/6397  有效 165  失败 939
2026-09-24T23:32:52+00:00 INFO    [run=3f9094ec82474271b51e38df004c534a phase=output event=output.written] 结果文件生成完成：更新 3 个文件
2026-09-24T23:32:53+00:00 INFO    [run=3f9094ec82474271b51e38df004c534a phase=statistics event=statistics.finished] 频道统计完成：测试 1104，有效 165
2026-09-24T23:32:53+00:00 INFO    [run=3f9094ec82474271b51e38df004c534a phase=complete event=run.summary] 更新摘要
2026-09-24T23:32:53+00:00 INFO    [run=3f9094ec82474271b51e38df004c534a phase=complete event=run.finished] 更新完成！总耗时：10:24
2026-09-27T05:08:37+00:00 INFO    [event=application.started] IPTV-API 版本: 3.0.0 (构建时间: 2026-08-07 11:45:59)
2026-09-27T05:08:37+00:00 INFO    [phase=prepare event=network.ipv6.checking] 🛜 正在检查当前网络是否支持IPv6...
2026-09-27T05:08:37+00:00 WARNING [phase=prepare event=network.ipv6.unsupported] 当前网络不支持IPv6，别担心，IPv6的结果会被保存下来
2026-09-27T05:08:37+00:00 INFO    [run=7c870c44906f457e9c8a758ecfcbfac9 phase=prepare event=run.started] 性能模式: auto → balance，可用资源: 4.0 CPU / 15.61 GB，并发: 测速 8、媒体探测 2、源抓取 8
2026-09-27T05:08:37+00:00 INFO    [run=7c870c44906f457e9c8a758ecfcbfac9 phase=prepare event=channels.catalog_loaded] 频道目录已加载：白名单 27，黑名单 16，台标 21
2026-09-27T05:08:37+00:00 INFO    [run=7c870c44906f457e9c8a758ecfcbfac9 phase=fetch event=sources.subscribe.summary] 订阅源数量：169，订阅白名单数量：0，停用地址数量：0，有效总数量：167
2026-09-27T05:08:37+00:00 INFO    [run=7c870c44906f457e9c8a758ecfcbfac9 phase=fetch event=progress.started] 正在进行获取订阅源  0/167
2026-09-27T05:08:37+00:00 INFO    [run=7c870c44906f457e9c8a758ecfcbfac9 phase=fetch event=sources.epg.summary] EPG源数量：1，EPG白名单数量：0，停用地址数量：0，有效总数量：1
2026-09-27T05:08:37+00:00 INFO    [run=7c870c44906f457e9c8a758ecfcbfac9 phase=fetch event=progress.started] 正在进行获取EPG源  0/1
2026-09-27T05:08:38+00:00 WARNING [run=7c870c44906f457e9c8a758ecfcbfac9 phase=fetch event=request.retrying] 🔄 请求http://e.erw.cc/e.xml.gz失败，正在进行第1次重试...
2026-09-27T05:08:38+00:00 ERROR   [run=7c870c44906f457e9c8a758ecfcbfac9 phase=fetch event=source.parse_failed] http://e.erw.cc/e.xml.gz 出错：❌ 请求http://e.erw.cc/e.xml.gz失败，已达到最大重试次数
2026-09-27T05:08:38+00:00 INFO    [run=7c870c44906f457e9c8a758ecfcbfac9 phase=fetch event=progress.updated] 正在进行获取EPG源  1/1 (100%)  剩余 0
2026-09-27T05:08:38+00:00 INFO    [run=7c870c44906f457e9c8a758ecfcbfac9 phase=fetch event=sources.epg.finished] EPG源: ✅ 有效地址数量：1，⛔ 停用地址数量：0
2026-09-27T05:08:38+00:00 INFO    [run=7c870c44906f457e9c8a758ecfcbfac9 phase=fetch event=progress.finished] 正在进行获取EPG源  1/1  匹配 0 个频道
2026-09-27T05:08:39+00:00 INFO    [run=7c870c44906f457e9c8a758ecfcbfac9 phase=fetch event=progress.updated] 正在进行获取订阅源  1/167 (0%)  剩余 166
2026-09-27T05:08:44+00:00 INFO    [run=7c870c44906f457e9c8a758ecfcbfac9 phase=fetch event=progress.updated] 正在进行获取订阅源  17/167 (10%)  剩余 150
2026-09-27T05:08:48+00:00 INFO    [run=7c870c44906f457e9c8a758ecfcbfac9 phase=fetch event=progress.updated] 正在进行获取订阅源  34/167 (20%)  剩余 133
2026-09-27T05:08:49+00:00 WARNING [run=7c870c44906f457e9c8a758ecfcbfac9 phase=fetch event=request.retrying] 🔄 请求https://d.kstore.dev/download/11344/yunduan.txt失败，正在进行第1次重试...
2026-09-27T05:08:50+00:00 WARNING [run=7c870c44906f457e9c8a758ecfcbfac9 phase=fetch event=source.request_failed] 订阅源请求失败：❌ 请求https://d.kstore.dev/download/11344/yunduan.txt失败，已达到最大重试次数
2026-09-27T05:08:50+00:00 WARNING [run=7c870c44906f457e9c8a758ecfcbfac9 phase=fetch event=request.retrying] 🔄 请求https://7337.kstore.vip/lib/kjtwzb.txt失败，正在进行第1次重试...
2026-09-27T05:08:51+00:00 WARNING [run=7c870c44906f457e9c8a758ecfcbfac9 phase=fetch event=source.request_failed] 订阅源请求失败：❌ 请求https://7337.kstore.vip/lib/kjtwzb.txt失败，已达到最大重试次数
2026-09-27T05:08:52+00:00 INFO    [run=7c870c44906f457e9c8a758ecfcbfac9 phase=fetch event=progress.updated] 正在进行获取订阅源  51/167 (30%)  剩余 116
2026-09-27T05:08:54+00:00 WARNING [run=7c870c44906f457e9c8a758ecfcbfac9 phase=fetch event=request.retrying] 🔄 请求https://live.zbds.org/tv/iptv4.txt失败，正在进行第1次重试...
2026-09-27T05:08:55+00:00 WARNING [run=7c870c44906f457e9c8a758ecfcbfac9 phase=fetch event=source.request_failed] 订阅源请求失败：❌ 请求https://live.zbds.org/tv/iptv4.txt失败，已达到最大重试次数
2026-09-27T05:08:55+00:00 INFO    [run=7c870c44906f457e9c8a758ecfcbfac9 phase=fetch event=progress.updated] 正在进行获取订阅源  67/167 (40%)  剩余 100
2026-09-27T05:08:58+00:00 WARNING [run=7c870c44906f457e9c8a758ecfcbfac9 phase=fetch event=request.retrying] 🔄 请求https://4key.cn/FP失败，正在进行第1次重试...
2026-09-27T05:09:00+00:00 WARNING [run=7c870c44906f457e9c8a758ecfcbfac9 phase=fetch event=request.retrying] 🔄 请求https://9730.kstore.space/%E9%A3%9B%E6%89%AC%E7%9B%B4%E6%92%AD.txt失败，正在进行第1次重试...
2026-09-27T05:09:01+00:00 WARNING [run=7c870c44906f457e9c8a758ecfcbfac9 phase=fetch event=request.retrying] 🔄 请求http://iptv.4666888.xyz/FYTV.txt失败，正在进行第1次重试...
2026-09-27T05:09:02+00:00 WARNING [run=7c870c44906f457e9c8a758ecfcbfac9 phase=fetch event=source.request_failed] 订阅源请求失败：❌ 请求https://9730.kstore.space/%E9%A3%9B%E6%89%AC%E7%9B%B4%E6%92%AD.txt失败，已达到最大重试次数
2026-09-27T05:09:02+00:00 INFO    [run=7c870c44906f457e9c8a758ecfcbfac9 phase=fetch event=progress.updated] 正在进行获取订阅源  84/167 (50%)  剩余 83
2026-09-27T05:09:04+00:00 WARNING [run=7c870c44906f457e9c8a758ecfcbfac9 phase=fetch event=request.retrying] 🔄 请求https://gongdian.top/tv/ku9/webview.txt#JS=https://gongdian.top/tv/ku9/js/webview.js失败，正在进行第1次重试...
2026-09-27T05:09:06+00:00 WARNING [run=7c870c44906f457e9c8a758ecfcbfac9 phase=fetch event=source.request_failed] 订阅源请求失败：❌ 请求https://gongdian.top/tv/ku9/webview.txt#JS=https://gongdian.top/tv/ku9/js/webview.js失败，已达到最大重试次数
2026-09-27T05:09:06+00:00 WARNING [run=7c870c44906f457e9c8a758ecfcbfac9 phase=fetch event=request.retrying] 🔄 请求https://m.iill.top/Live.m3u失败，正在进行第1次重试...
2026-09-27T05:09:08+00:00 WARNING [run=7c870c44906f457e9c8a758ecfcbfac9 phase=fetch event=source.request_failed] 订阅源请求失败：❌ 请求https://m.iill.top/Live.m3u失败，已达到最大重试次数
2026-09-27T05:09:09+00:00 WARNING [run=7c870c44906f457e9c8a758ecfcbfac9 phase=fetch event=request.retrying] 🔄 请求https://wget.la/https://raw.githubusercontent.com/nianxinmj/nxpz/refs/heads/main/lib/live.txt失败，正在进行第1次重试...
2026-09-27T05:09:10+00:00 INFO    [run=7c870c44906f457e9c8a758ecfcbfac9 phase=fetch event=progress.updated] 正在进行获取订阅源  101/167 (60%)  剩余 66
2026-09-27T05:09:10+00:00 WARNING [run=7c870c44906f457e9c8a758ecfcbfac9 phase=fetch event=request.retrying] 🔄 请求https://ds65.tv1288.xyzhttps//cloud.7so.top/f/Bgw1H8/%E5%A4%A7%E6%94%B9.txt失败，正在进行第1次重试...
2026-09-27T05:09:10+00:00 WARNING [run=7c870c44906f457e9c8a758ecfcbfac9 phase=fetch event=source.request_failed] 订阅源请求失败：❌ 请求https://4key.cn/FP失败，已达到最大重试次数
2026-09-27T05:09:11+00:00 WARNING [run=7c870c44906f457e9c8a758ecfcbfac9 phase=fetch event=source.request_failed] 订阅源请求失败：❌ 请求https://ds65.tv1288.xyzhttps//cloud.7so.top/f/Bgw1H8/%E5%A4%A7%E6%94%B9.txt失败，已达到最大重试次数
2026-09-27T05:09:12+00:00 WARNING [run=7c870c44906f457e9c8a758ecfcbfac9 phase=fetch event=request.retrying] 🔄 请求https://iptv.1989.click/playlist.m3u失败，正在进行第1次重试...
2026-09-27T05:09:12+00:00 WARNING [run=7c870c44906f457e9c8a758ecfcbfac9 phase=fetch event=request.retrying] 🔄 请求https://live.445569.xyz/live.m3u失败，正在进行第1次重试...
2026-09-27T05:09:12+00:00 WARNING [run=7c870c44906f457e9c8a758ecfcbfac9 phase=fetch event=source.request_failed] 订阅源请求失败：❌ 请求http://iptv.4666888.xyz/FYTV.txt失败，已达到最大重试次数
2026-09-27T05:09:13+00:00 WARNING [run=7c870c44906f457e9c8a758ecfcbfac9 phase=fetch event=source.request_failed] 订阅源请求失败：❌ 请求https://iptv.1989.click/playlist.m3u失败，已达到最大重试次数
2026-09-27T05:09:13+00:00 WARNING [run=7c870c44906f457e9c8a758ecfcbfac9 phase=fetch event=source.request_failed] 订阅源请求失败：❌ 请求https://live.445569.xyz/live.m3u失败，已达到最大重试次数
2026-09-27T05:09:13+00:00 INFO    [run=7c870c44906f457e9c8a758ecfcbfac9 phase=fetch event=progress.updated] 正在进行获取订阅源  117/167 (70%)  剩余 50
2026-09-27T05:09:14+00:00 WARNING [run=7c870c44906f457e9c8a758ecfcbfac9 phase=fetch event=request.retrying] 🔄 请求https://feer-cdn-bp.xpnb.qzz.io/xnkl.txt失败，正在进行第1次重试...
2026-09-27T05:09:15+00:00 WARNING [run=7c870c44906f457e9c8a758ecfcbfac9 phase=fetch event=request.retrying] 🔄 请求https://live.zbds.org/tv/iptv6.m3u失败，正在进行第1次重试...
2026-09-27T05:09:15+00:00 WARNING [run=7c870c44906f457e9c8a758ecfcbfac9 phase=fetch event=source.request_failed] 订阅源请求失败：❌ 请求https://feer-cdn-bp.xpnb.qzz.io/xnkl.txt失败，已达到最大重试次数
2026-09-27T05:09:15+00:00 WARNING [run=7c870c44906f457e9c8a758ecfcbfac9 phase=fetch event=request.retrying] 🔄 请求https://zbds.org/tv/iptv4.m3u失败，正在进行第1次重试...
2026-09-27T05:09:16+00:00 WARNING [run=7c870c44906f457e9c8a758ecfcbfac9 phase=fetch event=source.request_failed] 订阅源请求失败：❌ 请求https://live.zbds.org/tv/iptv6.m3u失败，已达到最大重试次数
2026-09-27T05:09:16+00:00 WARNING [run=7c870c44906f457e9c8a758ecfcbfac9 phase=fetch event=source.request_failed] 订阅源请求失败：❌ 请求https://zbds.org/tv/iptv4.m3u失败，已达到最大重试次数
2026-09-27T05:09:17+00:00 INFO    [run=7c870c44906f457e9c8a758ecfcbfac9 phase=fetch event=progress.updated] 正在进行获取订阅源  134/167 (80%)  剩余 33
2026-09-27T05:09:21+00:00 INFO    [run=7c870c44906f457e9c8a758ecfcbfac9 phase=fetch event=progress.updated] 正在进行获取订阅源  151/167 (90%)  剩余 16
2026-09-27T05:09:22+00:00 WARNING [run=7c870c44906f457e9c8a758ecfcbfac9 phase=fetch event=request.retrying] 🔄 请求https://t.freetv.fun/m3u/china_original.txt失败，正在进行第1次重试...
2026-09-27T05:09:23+00:00 WARNING [run=7c870c44906f457e9c8a758ecfcbfac9 phase=fetch event=request.retrying] 🔄 请求http://iptv.4666888.xyz/FYTV.m3u失败，正在进行第1次重试...
2026-09-27T05:09:34+00:00 WARNING [run=7c870c44906f457e9c8a758ecfcbfac9 phase=fetch event=source.request_failed] 订阅源请求失败：❌ 请求https://t.freetv.fun/m3u/china_original.txt失败，已达到最大重试次数
2026-09-27T05:09:35+00:00 WARNING [run=7c870c44906f457e9c8a758ecfcbfac9 phase=fetch event=source.request_failed] 订阅源请求失败：❌ 请求http://iptv.4666888.xyz/FYTV.m3u失败，已达到最大重试次数
2026-09-27T05:09:35+00:00 INFO    [run=7c870c44906f457e9c8a758ecfcbfac9 phase=fetch event=progress.updated] 正在进行获取订阅源  167/167 (100%)  剩余 0
2026-09-27T05:09:35+00:00 INFO    [run=7c870c44906f457e9c8a758ecfcbfac9 phase=fetch event=sources.subscribe.finished] 订阅源: ✅ 有效地址数量：167，⛔ 停用地址数量：0
2026-09-27T05:09:35+00:00 INFO    [run=7c870c44906f457e9c8a758ecfcbfac9 phase=fetch event=progress.finished] 正在进行获取订阅源  167/167  未匹配 10000
2026-09-27T05:11:50+00:00 INFO    [run=7c870c44906f457e9c8a758ecfcbfac9 phase=aggregate event=channels.aggregated] 频道数据聚合完成：28 个频道，8166 个接口（IPv4 6570 / IPv6 1591）
2026-09-27T05:11:50+00:00 INFO    [run=7c870c44906f457e9c8a758ecfcbfac9 phase=speed_test event=speed_test.planned] 总接口数量: 8035, 需要进行测速的接口数量: 6489
2026-09-27T05:11:50+00:00 INFO    [run=7c870c44906f457e9c8a758ecfcbfac9 phase=speed_test event=progress.started] 测速  0/6489
2026-09-27T05:11:51+00:00 INFO    [run=7c870c44906f457e9c8a758ecfcbfac9 phase=speed_test event=progress.updated] 测速  1/6489 (0%)  有效 1  失败 0  CCTV-1
2026-09-27T05:12:22+00:00 INFO    [run=7c870c44906f457e9c8a758ecfcbfac9 phase=speed_test event=progress.updated] 测速  53/6489 (0%)  有效 5  失败 48  CCTV-1
2026-09-27T05:12:52+00:00 INFO    [run=7c870c44906f457e9c8a758ecfcbfac9 phase=speed_test event=progress.updated] 测速  108/6489 (1%)  有效 6  失败 102  CCTV-1
2026-09-27T05:13:22+00:00 INFO    [run=7c870c44906f457e9c8a758ecfcbfac9 phase=speed_test event=progress.updated] 测速  165/6489 (2%)  有效 6  失败 159  CCTV-1
2026-09-27T05:13:53+00:00 INFO    [run=7c870c44906f457e9c8a758ecfcbfac9 phase=speed_test event=progress.updated] 测速  215/6489 (3%)  有效 6  失败 209  CCTV-1
2026-09-27T05:14:23+00:00 INFO    [run=7c870c44906f457e9c8a758ecfcbfac9 phase=speed_test event=progress.updated] 测速  269/6489 (4%)  有效 13  失败 256  CCTV-2
2026-09-27T05:14:55+00:00 INFO    [run=7c870c44906f457e9c8a758ecfcbfac9 phase=speed_test event=progress.updated] 测速  332/6489 (5%)  有效 22  失败 310  CCTV-4
2026-09-27T05:15:25+00:00 INFO    [run=7c870c44906f457e9c8a758ecfcbfac9 phase=speed_test event=progress.updated] 测速  382/6489 (5%)  有效 30  失败 352  CCTV-6
2026-09-27T05:15:55+00:00 INFO    [run=7c870c44906f457e9c8a758ecfcbfac9 phase=speed_test event=progress.updated] 测速  437/6489 (6%)  有效 35  失败 402  CCTV-8
2026-09-27T05:16:26+00:00 INFO    [run=7c870c44906f457e9c8a758ecfcbfac9 phase=speed_test event=progress.updated] 测速  495/6489 (7%)  有效 41  失败 454  CCTV-9
2026-09-27T05:16:57+00:00 INFO    [run=7c870c44906f457e9c8a758ecfcbfac9 phase=speed_test event=progress.updated] 测速  559/6489 (8%)  有效 44  失败 515  CCTV-9
2026-09-27T05:17:27+00:00 INFO    [run=7c870c44906f457e9c8a758ecfcbfac9 phase=speed_test event=progress.updated] 测速  614/6489 (9%)  有效 50  失败 564  CCTV-10
2026-09-27T05:17:57+00:00 INFO    [run=7c870c44906f457e9c8a758ecfcbfac9 phase=speed_test event=progress.updated] 测速  667/6489 (10%)  有效 55  失败 612  CCTV-13
2026-09-27T05:18:28+00:00 INFO    [run=7c870c44906f457e9c8a758ecfcbfac9 phase=speed_test event=progress.updated] 测速  730/6489 (11%)  有效 56  失败 674  CCTV-13
2026-09-27T05:18:58+00:00 INFO    [run=7c870c44906f457e9c8a758ecfcbfac9 phase=speed_test event=progress.updated] 测速  784/6489 (12%)  有效 57  失败 727  CCTV-13
2026-09-27T05:19:28+00:00 INFO    [run=7c870c44906f457e9c8a758ecfcbfac9 phase=speed_test event=progress.updated] 测速  844/6489 (13%)  有效 60  失败 784  CCTV-13
2026-09-27T05:20:00+00:00 INFO    [run=7c870c44906f457e9c8a758ecfcbfac9 phase=speed_test event=progress.updated] 测速  953/6489 (14%)  有效 63  失败 890  明珠台
2026-09-27T05:20:31+00:00 INFO    [run=7c870c44906f457e9c8a758ecfcbfac9 phase=speed_test event=progress.updated] 测速  1024/6489 (15%)  有效 67  失败 957  凤凰卫视
2026-09-27T05:21:01+00:00 INFO    [run=7c870c44906f457e9c8a758ecfcbfac9 phase=speed_test event=progress.updated] 测速  1115/6489 (17%)  有效 72  失败 1043  凤凰香港
2026-09-27T05:21:31+00:00 INFO    [run=7c870c44906f457e9c8a758ecfcbfac9 phase=speed_test event=progress.updated] 测速  1234/6489 (19%)  有效 93  失败 1141  大湾区卫视
2026-09-27T05:22:02+00:00 INFO    [run=7c870c44906f457e9c8a758ecfcbfac9 phase=speed_test event=progress.updated] 测速  1316/6489 (20%)  有效 133  失败 1183  南国都市4K
2026-09-27T05:22:32+00:00 INFO    [run=7c870c44906f457e9c8a758ecfcbfac9 phase=speed_test event=progress.updated] 测速  1375/6489 (21%)  有效 161  失败 1214  浙江卫视
2026-09-27T05:23:02+00:00 INFO    [run=7c870c44906f457e9c8a758ecfcbfac9 phase=speed_test event=progress.updated] 测速  1426/6489 (21%)  有效 168  失败 1258  东南卫视
2026-09-27T05:23:15+00:00 INFO    [run=7c870c44906f457e9c8a758ecfcbfac9 phase=speed_test event=speed_test.artifacts_written] 测速明细已写入 output/log/speed_test.log，有效结果已写入 output/log/result.log
2026-09-27T05:23:15+00:00 INFO    [run=7c870c44906f457e9c8a758ecfcbfac9 phase=speed_test event=progress.finished] 测速  6489/6489  有效 169  失败 1280
2026-09-27T05:23:15+00:00 INFO    [run=7c870c44906f457e9c8a758ecfcbfac9 phase=output event=output.written] 结果文件生成完成：更新 3 个文件
2026-09-27T05:23:16+00:00 INFO    [run=7c870c44906f457e9c8a758ecfcbfac9 phase=statistics event=statistics.finished] 频道统计完成：测试 1449，有效 169
2026-09-27T05:23:16+00:00 INFO    [run=7c870c44906f457e9c8a758ecfcbfac9 phase=complete event=run.summary] 更新摘要
2026-09-27T05:23:16+00:00 INFO    [run=7c870c44906f457e9c8a758ecfcbfac9 phase=complete event=run.finished] 更新完成！总耗时：14:38
2026-09-28T04:20:09+00:00 INFO    [event=application.started] IPTV-API 版本: 3.0.0 (构建时间: 2026-08-07 11:45:59)
2026-09-28T04:20:09+00:00 INFO    [phase=prepare event=network.ipv6.checking] 🛜 正在检查当前网络是否支持IPv6...
2026-09-28T04:20:09+00:00 WARNING [phase=prepare event=network.ipv6.unsupported] 当前网络不支持IPv6，别担心，IPv6的结果会被保存下来
2026-09-28T04:20:09+00:00 INFO    [run=b61094e20827407081fce9aad69c2b22 phase=prepare event=run.started] 性能模式: auto → balance，可用资源: 4.0 CPU / 15.61 GB，并发: 测速 8、媒体探测 2、源抓取 8
2026-09-28T04:20:09+00:00 INFO    [run=b61094e20827407081fce9aad69c2b22 phase=prepare event=channels.catalog_loaded] 频道目录已加载：白名单 27，黑名单 16，台标 21
2026-09-28T04:20:09+00:00 INFO    [run=b61094e20827407081fce9aad69c2b22 phase=fetch event=sources.subscribe.summary] 订阅源数量：169，订阅白名单数量：0，停用地址数量：0，有效总数量：167
2026-09-28T04:20:09+00:00 INFO    [run=b61094e20827407081fce9aad69c2b22 phase=fetch event=progress.started] 正在进行获取订阅源  0/167
2026-09-28T04:20:09+00:00 INFO    [run=b61094e20827407081fce9aad69c2b22 phase=fetch event=sources.epg.summary] EPG源数量：1，EPG白名单数量：0，停用地址数量：0，有效总数量：1
2026-09-28T04:20:09+00:00 INFO    [run=b61094e20827407081fce9aad69c2b22 phase=fetch event=progress.started] 正在进行获取EPG源  0/1
2026-09-28T04:20:10+00:00 WARNING [run=b61094e20827407081fce9aad69c2b22 phase=fetch event=request.retrying] 🔄 请求http://e.erw.cc/e.xml.gz失败，正在进行第1次重试...
2026-09-28T04:20:10+00:00 ERROR   [run=b61094e20827407081fce9aad69c2b22 phase=fetch event=source.parse_failed] http://e.erw.cc/e.xml.gz 出错：❌ 请求http://e.erw.cc/e.xml.gz失败，已达到最大重试次数
2026-09-28T04:20:10+00:00 INFO    [run=b61094e20827407081fce9aad69c2b22 phase=fetch event=progress.updated] 正在进行获取EPG源  1/1 (100%)  剩余 0
2026-09-28T04:20:10+00:00 INFO    [run=b61094e20827407081fce9aad69c2b22 phase=fetch event=sources.epg.finished] EPG源: ✅ 有效地址数量：1，⛔ 停用地址数量：0
2026-09-28T04:20:10+00:00 INFO    [run=b61094e20827407081fce9aad69c2b22 phase=fetch event=progress.finished] 正在进行获取EPG源  1/1  匹配 0 个频道
2026-09-28T04:20:10+00:00 INFO    [run=b61094e20827407081fce9aad69c2b22 phase=fetch event=progress.updated] 正在进行获取订阅源  1/167 (0%)  剩余 166
2026-09-28T04:20:16+00:00 INFO    [run=b61094e20827407081fce9aad69c2b22 phase=fetch event=progress.updated] 正在进行获取订阅源  17/167 (10%)  剩余 150
2026-09-28T04:20:19+00:00 INFO    [run=b61094e20827407081fce9aad69c2b22 phase=fetch event=progress.updated] 正在进行获取订阅源  34/167 (20%)  剩余 133
2026-09-28T04:20:19+00:00 WARNING [run=b61094e20827407081fce9aad69c2b22 phase=fetch event=request.retrying] 🔄 请求https://d.kstore.dev/download/11344/yunduan.txt失败，正在进行第1次重试...
2026-09-28T04:20:20+00:00 WARNING [run=b61094e20827407081fce9aad69c2b22 phase=fetch event=source.request_failed] 订阅源请求失败：❌ 请求https://d.kstore.dev/download/11344/yunduan.txt失败，已达到最大重试次数
2026-09-28T04:20:20+00:00 WARNING [run=b61094e20827407081fce9aad69c2b22 phase=fetch event=request.retrying] 🔄 请求https://7337.kstore.vip/lib/kjtwzb.txt失败，正在进行第1次重试...
2026-09-28T04:20:21+00:00 WARNING [run=b61094e20827407081fce9aad69c2b22 phase=fetch event=source.request_failed] 订阅源请求失败：❌ 请求https://7337.kstore.vip/lib/kjtwzb.txt失败，已达到最大重试次数
2026-09-28T04:20:23+00:00 INFO    [run=b61094e20827407081fce9aad69c2b22 phase=fetch event=progress.updated] 正在进行获取订阅源  51/167 (30%)  剩余 116
2026-09-28T04:20:25+00:00 WARNING [run=b61094e20827407081fce9aad69c2b22 phase=fetch event=request.retrying] 🔄 请求https://live.zbds.org/tv/iptv4.txt失败，正在进行第1次重试...
2026-09-28T04:20:26+00:00 WARNING [run=b61094e20827407081fce9aad69c2b22 phase=fetch event=source.request_failed] 订阅源请求失败：❌ 请求https://live.zbds.org/tv/iptv4.txt失败，已达到最大重试次数
2026-09-28T04:20:26+00:00 INFO    [run=b61094e20827407081fce9aad69c2b22 phase=fetch event=progress.updated] 正在进行获取订阅源  67/167 (40%)  剩余 100
2026-09-28T04:20:29+00:00 WARNING [run=b61094e20827407081fce9aad69c2b22 phase=fetch event=request.retrying] 🔄 请求https://4key.cn/FP失败，正在进行第1次重试...
2026-09-28T04:20:31+00:00 INFO    [run=b61094e20827407081fce9aad69c2b22 phase=fetch event=progress.updated] 正在进行获取订阅源  84/167 (50%)  剩余 83
2026-09-28T04:20:31+00:00 WARNING [run=b61094e20827407081fce9aad69c2b22 phase=fetch event=request.retrying] 🔄 请求https://9730.kstore.space/%E9%A3%9B%E6%89%AC%E7%9B%B4%E6%92%AD.txt失败，正在进行第1次重试...
2026-09-28T04:20:32+00:00 WARNING [run=b61094e20827407081fce9aad69c2b22 phase=fetch event=request.retrying] 🔄 请求http://iptv.4666888.xyz/FYTV.txt失败，正在进行第1次重试...
2026-09-28T04:20:32+00:00 WARNING [run=b61094e20827407081fce9aad69c2b22 phase=fetch event=source.request_failed] 订阅源请求失败：❌ 请求https://9730.kstore.space/%E9%A3%9B%E6%89%AC%E7%9B%B4%E6%92%AD.txt失败，已达到最大重试次数
2026-09-28T04:20:34+00:00 WARNING [run=b61094e20827407081fce9aad69c2b22 phase=fetch event=request.retrying] 🔄 请求https://gongdian.top/tv/ku9/webview.txt#JS=https://gongdian.top/tv/ku9/js/webview.js失败，正在进行第1次重试...
2026-09-28T04:20:35+00:00 WARNING [run=b61094e20827407081fce9aad69c2b22 phase=fetch event=request.retrying] 🔄 请求https://m.iill.top/Live.m3u失败，正在进行第1次重试...
2026-09-28T04:20:35+00:00 WARNING [run=b61094e20827407081fce9aad69c2b22 phase=fetch event=source.request_failed] 订阅源请求失败：❌ 请求https://gongdian.top/tv/ku9/webview.txt#JS=https://gongdian.top/tv/ku9/js/webview.js失败，已达到最大重试次数
2026-09-28T04:20:36+00:00 WARNING [run=b61094e20827407081fce9aad69c2b22 phase=fetch event=source.request_failed] 订阅源请求失败：❌ 请求https://m.iill.top/Live.m3u失败，已达到最大重试次数
2026-09-28T04:20:37+00:00 INFO    [run=b61094e20827407081fce9aad69c2b22 phase=fetch event=progress.updated] 正在进行获取订阅源  101/167 (60%)  剩余 66
2026-09-28T04:20:37+00:00 WARNING [run=b61094e20827407081fce9aad69c2b22 phase=fetch event=request.retrying] 🔄 请求https://ds65.tv1288.xyzhttps//cloud.7so.top/f/Bgw1H8/%E5%A4%A7%E6%94%B9.txt失败，正在进行第1次重试...
2026-09-28T04:20:38+00:00 WARNING [run=b61094e20827407081fce9aad69c2b22 phase=fetch event=source.request_failed] 订阅源请求失败：❌ 请求https://ds65.tv1288.xyzhttps//cloud.7so.top/f/Bgw1H8/%E5%A4%A7%E6%94%B9.txt失败，已达到最大重试次数
2026-09-28T04:20:40+00:00 WARNING [run=b61094e20827407081fce9aad69c2b22 phase=fetch event=request.retrying] 🔄 请求https://iptv.1989.click/playlist.m3u失败，正在进行第1次重试...
2026-09-28T04:20:40+00:00 WARNING [run=b61094e20827407081fce9aad69c2b22 phase=fetch event=request.retrying] 🔄 请求https://live.445569.xyz/live.m3u失败，正在进行第1次重试...
2026-09-28T04:20:41+00:00 WARNING [run=b61094e20827407081fce9aad69c2b22 phase=fetch event=source.request_failed] 订阅源请求失败：❌ 请求https://iptv.1989.click/playlist.m3u失败，已达到最大重试次数
2026-09-28T04:20:41+00:00 WARNING [run=b61094e20827407081fce9aad69c2b22 phase=fetch event=source.request_failed] 订阅源请求失败：❌ 请求https://live.445569.xyz/live.m3u失败，已达到最大重试次数
2026-09-28T04:20:41+00:00 WARNING [run=b61094e20827407081fce9aad69c2b22 phase=fetch event=source.request_failed] 订阅源请求失败：❌ 请求https://4key.cn/FP失败，已达到最大重试次数
2026-09-28T04:20:42+00:00 INFO    [run=b61094e20827407081fce9aad69c2b22 phase=fetch event=progress.updated] 正在进行获取订阅源  117/167 (70%)  剩余 50
2026-09-28T04:20:42+00:00 WARNING [run=b61094e20827407081fce9aad69c2b22 phase=fetch event=request.retrying] 🔄 请求https://feer-cdn-bp.xpnb.qzz.io/xnkl.txt失败，正在进行第1次重试...
2026-09-28T04:20:43+00:00 WARNING [run=b61094e20827407081fce9aad69c2b22 phase=fetch event=source.request_failed] 订阅源请求失败：❌ 请求https://feer-cdn-bp.xpnb.qzz.io/xnkl.txt失败，已达到最大重试次数
2026-09-28T04:20:43+00:00 WARNING [run=b61094e20827407081fce9aad69c2b22 phase=fetch event=source.request_failed] 订阅源请求失败：❌ 请求http://iptv.4666888.xyz/FYTV.txt失败，已达到最大重试次数
2026-09-28T04:20:44+00:00 WARNING [run=b61094e20827407081fce9aad69c2b22 phase=fetch event=request.retrying] 🔄 请求https://live.zbds.org/tv/iptv6.m3u失败，正在进行第1次重试...
2026-09-28T04:20:44+00:00 WARNING [run=b61094e20827407081fce9aad69c2b22 phase=fetch event=request.retrying] 🔄 请求https://zbds.org/tv/iptv4.m3u失败，正在进行第1次重试...
2026-09-28T04:20:45+00:00 WARNING [run=b61094e20827407081fce9aad69c2b22 phase=fetch event=source.request_failed] 订阅源请求失败：❌ 请求https://live.zbds.org/tv/iptv6.m3u失败，已达到最大重试次数
2026-09-28T04:20:45+00:00 WARNING [run=b61094e20827407081fce9aad69c2b22 phase=fetch event=source.request_failed] 订阅源请求失败：❌ 请求https://zbds.org/tv/iptv4.m3u失败，已达到最大重试次数
2026-09-28T04:20:46+00:00 INFO    [run=b61094e20827407081fce9aad69c2b22 phase=fetch event=progress.updated] 正在进行获取订阅源  134/167 (80%)  剩余 33
2026-09-28T04:20:49+00:00 INFO    [run=b61094e20827407081fce9aad69c2b22 phase=fetch event=progress.updated] 正在进行获取订阅源  151/167 (90%)  剩余 16
2026-09-28T04:20:49+00:00 WARNING [run=b61094e20827407081fce9aad69c2b22 phase=fetch event=request.retrying] 🔄 请求https://t.freetv.fun/m3u/china_original.txt失败，正在进行第1次重试...
2026-09-28T04:20:51+00:00 WARNING [run=b61094e20827407081fce9aad69c2b22 phase=fetch event=request.retrying] 🔄 请求http://iptv.4666888.xyz/FYTV.m3u失败，正在进行第1次重试...
2026-09-28T04:21:01+00:00 WARNING [run=b61094e20827407081fce9aad69c2b22 phase=fetch event=source.request_failed] 订阅源请求失败：❌ 请求https://t.freetv.fun/m3u/china_original.txt失败，已达到最大重试次数
2026-09-28T04:21:03+00:00 WARNING [run=b61094e20827407081fce9aad69c2b22 phase=fetch event=source.request_failed] 订阅源请求失败：❌ 请求http://iptv.4666888.xyz/FYTV.m3u失败，已达到最大重试次数
2026-09-28T04:21:03+00:00 INFO    [run=b61094e20827407081fce9aad69c2b22 phase=fetch event=progress.updated] 正在进行获取订阅源  167/167 (100%)  剩余 0
2026-09-28T04:21:03+00:00 INFO    [run=b61094e20827407081fce9aad69c2b22 phase=fetch event=sources.subscribe.finished] 订阅源: ✅ 有效地址数量：167，⛔ 停用地址数量：0
2026-09-28T04:21:03+00:00 INFO    [run=b61094e20827407081fce9aad69c2b22 phase=fetch event=progress.finished] 正在进行获取订阅源  167/167  未匹配 10000
2026-09-28T04:21:59+00:00 INFO    [run=b61094e20827407081fce9aad69c2b22 phase=aggregate event=channels.aggregated] 频道数据聚合完成：10 个频道，573 个接口（IPv4 497 / IPv6 76）
2026-09-28T04:21:59+00:00 INFO    [run=b61094e20827407081fce9aad69c2b22 phase=speed_test event=speed_test.planned] 总接口数量: 494, 需要进行测速的接口数量: 428
2026-09-28T04:21:59+00:00 INFO    [run=b61094e20827407081fce9aad69c2b22 phase=speed_test event=progress.started] 测速  0/428
2026-09-28T04:21:59+00:00 INFO    [run=b61094e20827407081fce9aad69c2b22 phase=speed_test event=progress.updated] 测速  1/428 (0%)  有效 0  失败 1  TVB News
2026-09-28T04:22:08+00:00 INFO    [run=b61094e20827407081fce9aad69c2b22 phase=speed_test event=progress.updated] 测速  43/428 (10%)  有效 5  失败 38  TVB News
2026-09-28T04:22:20+00:00 INFO    [run=b61094e20827407081fce9aad69c2b22 phase=speed_test event=progress.updated] 测速  86/428 (20%)  有效 6  失败 80  翡翠台
2026-09-28T04:22:33+00:00 INFO    [run=b61094e20827407081fce9aad69c2b22 phase=speed_test event=progress.updated] 测速  129/428 (30%)  有效 11  失败 118  凤凰卫视
2026-09-28T04:22:48+00:00 INFO    [run=b61094e20827407081fce9aad69c2b22 phase=speed_test event=progress.updated] 测速  172/428 (40%)  有效 12  失败 160  凤凰卫视
2026-09-28T04:23:11+00:00 INFO    [run=b61094e20827407081fce9aad69c2b22 phase=speed_test event=progress.updated] 测速  214/428 (50%)  有效 12  失败 202  凤凰卫视
2026-09-28T04:23:25+00:00 INFO    [run=b61094e20827407081fce9aad69c2b22 phase=speed_test event=progress.updated] 测速  257/428 (60%)  有效 19  失败 238  凤凰香港
2026-09-28T04:23:38+00:00 INFO    [run=b61094e20827407081fce9aad69c2b22 phase=speed_test event=progress.updated] 测速  300/428 (70%)  有效 25  失败 275  凤凰资讯
2026-09-28T04:23:56+00:00 INFO    [run=b61094e20827407081fce9aad69c2b22 phase=speed_test event=progress.updated] 测速  343/428 (80%)  有效 28  失败 315  TVB1
2026-09-28T04:24:04+00:00 INFO    [run=b61094e20827407081fce9aad69c2b22 phase=speed_test event=speed_test.artifacts_written] 测速明细已写入 output/log/speed_test.log，有效结果已写入 output/log/result.log
2026-09-28T04:24:04+00:00 INFO    [run=b61094e20827407081fce9aad69c2b22 phase=speed_test event=progress.finished] 测速  428/428  有效 31  失败 349
2026-09-28T04:24:04+00:00 INFO    [run=b61094e20827407081fce9aad69c2b22 phase=output event=output.written] 结果文件生成完成：更新 3 个文件
2026-09-28T04:24:04+00:00 INFO    [run=b61094e20827407081fce9aad69c2b22 phase=statistics event=statistics.finished] 频道统计完成：测试 380，有效 31
2026-09-28T04:24:04+00:00 INFO    [run=b61094e20827407081fce9aad69c2b22 phase=complete event=run.summary] 更新摘要
2026-09-28T04:24:04+00:00 INFO    [run=b61094e20827407081fce9aad69c2b22 phase=complete event=run.finished] 更新完成！总耗时：03:54
2026-10-03T04:18:10+00:00 INFO    [event=application.started] IPTV-API 版本: 3.0.0 (构建时间: 2026-08-07 11:45:59)
2026-10-03T04:18:10+00:00 INFO    [phase=prepare event=network.ipv6.checking] 🛜 正在检查当前网络是否支持IPv6...
2026-10-03T04:18:11+00:00 WARNING [phase=prepare event=network.ipv6.unsupported] 当前网络不支持IPv6，别担心，IPv6的结果会被保存下来
2026-10-03T04:18:11+00:00 INFO    [run=5bfa13c65fbe4e149566284e12756d95 phase=prepare event=run.started] 性能模式: auto → balance，可用资源: 4.0 CPU / 15.61 GB，并发: 测速 8、媒体探测 2、源抓取 8
2026-10-03T04:18:11+00:00 INFO    [run=5bfa13c65fbe4e149566284e12756d95 phase=prepare event=channels.catalog_loaded] 频道目录已加载：白名单 27，黑名单 16，台标 21
2026-10-03T04:18:11+00:00 INFO    [run=5bfa13c65fbe4e149566284e12756d95 phase=fetch event=sources.subscribe.summary] 订阅源数量：169，订阅白名单数量：0，停用地址数量：0，有效总数量：167
2026-10-03T04:18:11+00:00 INFO    [run=5bfa13c65fbe4e149566284e12756d95 phase=fetch event=progress.started] 正在进行获取订阅源  0/167
2026-10-03T04:18:11+00:00 INFO    [run=5bfa13c65fbe4e149566284e12756d95 phase=fetch event=sources.epg.summary] EPG源数量：1，EPG白名单数量：0，停用地址数量：0，有效总数量：1
2026-10-03T04:18:11+00:00 INFO    [run=5bfa13c65fbe4e149566284e12756d95 phase=fetch event=progress.started] 正在进行获取EPG源  0/1
2026-10-03T04:18:11+00:00 WARNING [run=5bfa13c65fbe4e149566284e12756d95 phase=fetch event=request.retrying] 🔄 请求http://e.erw.cc/e.xml.gz失败，正在进行第1次重试...
2026-10-03T04:18:11+00:00 ERROR   [run=5bfa13c65fbe4e149566284e12756d95 phase=fetch event=source.parse_failed] http://e.erw.cc/e.xml.gz 出错：❌ 请求http://e.erw.cc/e.xml.gz失败，已达到最大重试次数
2026-10-03T04:18:11+00:00 INFO    [run=5bfa13c65fbe4e149566284e12756d95 phase=fetch event=progress.updated] 正在进行获取EPG源  1/1 (100%)  剩余 0
2026-10-03T04:18:11+00:00 INFO    [run=5bfa13c65fbe4e149566284e12756d95 phase=fetch event=sources.epg.finished] EPG源: ✅ 有效地址数量：1，⛔ 停用地址数量：0
2026-10-03T04:18:11+00:00 INFO    [run=5bfa13c65fbe4e149566284e12756d95 phase=fetch event=progress.finished] 正在进行获取EPG源  1/1  匹配 0 个频道
2026-10-03T04:18:12+00:00 INFO    [run=5bfa13c65fbe4e149566284e12756d95 phase=fetch event=progress.updated] 正在进行获取订阅源  1/167 (0%)  剩余 166
2026-10-03T04:18:16+00:00 INFO    [run=5bfa13c65fbe4e149566284e12756d95 phase=fetch event=progress.updated] 正在进行获取订阅源  17/167 (10%)  剩余 150
2026-10-03T04:18:19+00:00 WARNING [run=5bfa13c65fbe4e149566284e12756d95 phase=fetch event=request.retrying] 🔄 请求https://d.kstore.dev/download/11344/yunduan.txt失败，正在进行第1次重试...
2026-10-03T04:18:19+00:00 INFO    [run=5bfa13c65fbe4e149566284e12756d95 phase=fetch event=progress.updated] 正在进行获取订阅源  34/167 (20%)  剩余 133
2026-10-03T04:18:20+00:00 WARNING [run=5bfa13c65fbe4e149566284e12756d95 phase=fetch event=source.request_failed] 订阅源请求失败：❌ 请求https://d.kstore.dev/download/11344/yunduan.txt失败，已达到最大重试次数
2026-10-03T04:18:21+00:00 WARNING [run=5bfa13c65fbe4e149566284e12756d95 phase=fetch event=request.retrying] 🔄 请求https://7337.kstore.vip/lib/kjtwzb.txt失败，正在进行第1次重试...
2026-10-03T04:18:22+00:00 WARNING [run=5bfa13c65fbe4e149566284e12756d95 phase=fetch event=source.request_failed] 订阅源请求失败：❌ 请求https://7337.kstore.vip/lib/kjtwzb.txt失败，已达到最大重试次数
2026-10-03T04:18:23+00:00 INFO    [run=5bfa13c65fbe4e149566284e12756d95 phase=fetch event=progress.updated] 正在进行获取订阅源  51/167 (30%)  剩余 116
2026-10-03T04:18:25+00:00 WARNING [run=5bfa13c65fbe4e149566284e12756d95 phase=fetch event=request.retrying] 🔄 请求https://live.zbds.org/tv/iptv4.txt失败，正在进行第1次重试...
2026-10-03T04:18:26+00:00 WARNING [run=5bfa13c65fbe4e149566284e12756d95 phase=fetch event=source.request_failed] 订阅源请求失败：❌ 请求https://live.zbds.org/tv/iptv4.txt失败，已达到最大重试次数
2026-10-03T04:18:26+00:00 INFO    [run=5bfa13c65fbe4e149566284e12756d95 phase=fetch event=progress.updated] 正在进行获取订阅源  67/167 (40%)  剩余 100
2026-10-03T04:18:30+00:00 WARNING [run=5bfa13c65fbe4e149566284e12756d95 phase=fetch event=request.retrying] 🔄 请求https://4key.cn/FP失败，正在进行第1次重试...
2026-10-03T04:18:30+00:00 INFO    [run=5bfa13c65fbe4e149566284e12756d95 phase=fetch event=progress.updated] 正在进行获取订阅源  84/167 (50%)  剩余 83
2026-10-03T04:18:31+00:00 WARNING [run=5bfa13c65fbe4e149566284e12756d95 phase=fetch event=request.retrying] 🔄 请求https://9730.kstore.space/%E9%A3%9B%E6%89%AC%E7%9B%B4%E6%92%AD.txt失败，正在进行第1次重试...
2026-10-03T04:18:31+00:00 WARNING [run=5bfa13c65fbe4e149566284e12756d95 phase=fetch event=request.retrying] 🔄 请求http://iptv.4666888.xyz/FYTV.txt失败，正在进行第1次重试...
2026-10-03T04:18:32+00:00 WARNING [run=5bfa13c65fbe4e149566284e12756d95 phase=fetch event=source.request_failed] 订阅源请求失败：❌ 请求https://9730.kstore.space/%E9%A3%9B%E6%89%AC%E7%9B%B4%E6%92%AD.txt失败，已达到最大重试次数
2026-10-03T04:18:33+00:00 WARNING [run=5bfa13c65fbe4e149566284e12756d95 phase=fetch event=request.retrying] 🔄 请求https://gongdian.top/tv/ku9/webview.txt#JS=https://gongdian.top/tv/ku9/js/webview.js失败，正在进行第1次重试...
2026-10-03T04:18:35+00:00 WARNING [run=5bfa13c65fbe4e149566284e12756d95 phase=fetch event=source.request_failed] 订阅源请求失败：❌ 请求https://gongdian.top/tv/ku9/webview.txt#JS=https://gongdian.top/tv/ku9/js/webview.js失败，已达到最大重试次数
2026-10-03T04:18:35+00:00 WARNING [run=5bfa13c65fbe4e149566284e12756d95 phase=fetch event=request.retrying] 🔄 请求https://m.iill.top/Live.m3u失败，正在进行第1次重试...
2026-10-03T04:18:36+00:00 WARNING [run=5bfa13c65fbe4e149566284e12756d95 phase=fetch event=request.retrying] 🔄 请求https://ds65.tv1288.xyzhttps//cloud.7so.top/f/Bgw1H8/%E5%A4%A7%E6%94%B9.txt失败，正在进行第1次重试...
2026-10-03T04:18:36+00:00 WARNING [run=5bfa13c65fbe4e149566284e12756d95 phase=fetch event=source.request_failed] 订阅源请求失败：❌ 请求https://m.iill.top/Live.m3u失败，已达到最大重试次数
2026-10-03T04:18:36+00:00 INFO    [run=5bfa13c65fbe4e149566284e12756d95 phase=fetch event=progress.updated] 正在进行获取订阅源  101/167 (60%)  剩余 66
2026-10-03T04:18:37+00:00 WARNING [run=5bfa13c65fbe4e149566284e12756d95 phase=fetch event=source.request_failed] 订阅源请求失败：❌ 请求https://ds65.tv1288.xyzhttps//cloud.7so.top/f/Bgw1H8/%E5%A4%A7%E6%94%B9.txt失败，已达到最大重试次数
2026-10-03T04:18:39+00:00 WARNING [run=5bfa13c65fbe4e149566284e12756d95 phase=fetch event=request.retrying] 🔄 请求https://iptv.1989.click/playlist.m3u失败，正在进行第1次重试...
2026-10-03T04:18:39+00:00 WARNING [run=5bfa13c65fbe4e149566284e12756d95 phase=fetch event=request.retrying] 🔄 请求https://live.445569.xyz/live.m3u失败，正在进行第1次重试...
2026-10-03T04:18:40+00:00 WARNING [run=5bfa13c65fbe4e149566284e12756d95 phase=fetch event=source.request_failed] 订阅源请求失败：❌ 请求https://iptv.1989.click/playlist.m3u失败，已达到最大重试次数
2026-10-03T04:18:40+00:00 WARNING [run=5bfa13c65fbe4e149566284e12756d95 phase=fetch event=source.request_failed] 订阅源请求失败：❌ 请求https://live.445569.xyz/live.m3u失败，已达到最大重试次数
2026-10-03T04:18:41+00:00 WARNING [run=5bfa13c65fbe4e149566284e12756d95 phase=fetch event=request.retrying] 🔄 请求https://feer-cdn-bp.xpnb.qzz.io/xnkl.txt失败，正在进行第1次重试...
2026-10-03T04:18:41+00:00 INFO    [run=5bfa13c65fbe4e149566284e12756d95 phase=fetch event=progress.updated] 正在进行获取订阅源  117/167 (70%)  剩余 50
2026-10-03T04:18:42+00:00 WARNING [run=5bfa13c65fbe4e149566284e12756d95 phase=fetch event=source.request_failed] 订阅源请求失败：❌ 请求https://4key.cn/FP失败，已达到最大重试次数
2026-10-03T04:18:42+00:00 WARNING [run=5bfa13c65fbe4e149566284e12756d95 phase=fetch event=source.request_failed] 订阅源请求失败：❌ 请求http://iptv.4666888.xyz/FYTV.txt失败，已达到最大重试次数
2026-10-03T04:18:42+00:00 WARNING [run=5bfa13c65fbe4e149566284e12756d95 phase=fetch event=source.request_failed] 订阅源请求失败：❌ 请求https://feer-cdn-bp.xpnb.qzz.io/xnkl.txt失败，已达到最大重试次数
2026-10-03T04:18:43+00:00 WARNING [run=5bfa13c65fbe4e149566284e12756d95 phase=fetch event=request.retrying] 🔄 请求https://live.zbds.org/tv/iptv6.m3u失败，正在进行第1次重试...
2026-10-03T04:18:43+00:00 WARNING [run=5bfa13c65fbe4e149566284e12756d95 phase=fetch event=request.retrying] 🔄 请求https://zbds.org/tv/iptv4.m3u失败，正在进行第1次重试...
2026-10-03T04:18:44+00:00 WARNING [run=5bfa13c65fbe4e149566284e12756d95 phase=fetch event=source.request_failed] 订阅源请求失败：❌ 请求https://live.zbds.org/tv/iptv6.m3u失败，已达到最大重试次数
2026-10-03T04:18:44+00:00 WARNING [run=5bfa13c65fbe4e149566284e12756d95 phase=fetch event=source.request_failed] 订阅源请求失败：❌ 请求https://zbds.org/tv/iptv4.m3u失败，已达到最大重试次数
2026-10-03T04:18:45+00:00 INFO    [run=5bfa13c65fbe4e149566284e12756d95 phase=fetch event=progress.updated] 正在进行获取订阅源  134/167 (80%)  剩余 33
2026-10-03T04:18:49+00:00 INFO    [run=5bfa13c65fbe4e149566284e12756d95 phase=fetch event=progress.updated] 正在进行获取订阅源  151/167 (90%)  剩余 16
2026-10-03T04:18:49+00:00 WARNING [run=5bfa13c65fbe4e149566284e12756d95 phase=fetch event=request.retrying] 🔄 请求https://t.freetv.fun/m3u/china_original.txt失败，正在进行第1次重试...
2026-10-03T04:18:50+00:00 WARNING [run=5bfa13c65fbe4e149566284e12756d95 phase=fetch event=request.retrying] 🔄 请求http://iptv.4666888.xyz/FYTV.m3u失败，正在进行第1次重试...
2026-10-03T04:19:01+00:00 WARNING [run=5bfa13c65fbe4e149566284e12756d95 phase=fetch event=source.request_failed] 订阅源请求失败：❌ 请求https://t.freetv.fun/m3u/china_original.txt失败，已达到最大重试次数
2026-10-03T04:19:02+00:00 WARNING [run=5bfa13c65fbe4e149566284e12756d95 phase=fetch event=source.request_failed] 订阅源请求失败：❌ 请求http://iptv.4666888.xyz/FYTV.m3u失败，已达到最大重试次数
2026-10-03T04:19:02+00:00 INFO    [run=5bfa13c65fbe4e149566284e12756d95 phase=fetch event=progress.updated] 正在进行获取订阅源  167/167 (100%)  剩余 0
2026-10-03T04:19:02+00:00 INFO    [run=5bfa13c65fbe4e149566284e12756d95 phase=fetch event=sources.subscribe.finished] 订阅源: ✅ 有效地址数量：167，⛔ 停用地址数量：0
2026-10-03T04:19:02+00:00 INFO    [run=5bfa13c65fbe4e149566284e12756d95 phase=fetch event=progress.finished] 正在进行获取订阅源  167/167  未匹配 10000
2026-10-03T04:20:04+00:00 INFO    [run=5bfa13c65fbe4e149566284e12756d95 phase=aggregate event=channels.aggregated] 频道数据聚合完成：10 个频道，797 个接口（IPv4 506 / IPv6 291）
2026-10-03T04:20:04+00:00 INFO    [run=5bfa13c65fbe4e149566284e12756d95 phase=speed_test event=speed_test.planned] 总接口数量: 681, 需要进行测速的接口数量: 437
2026-10-03T04:20:04+00:00 INFO    [run=5bfa13c65fbe4e149566284e12756d95 phase=speed_test event=progress.started] 测速  0/437
2026-10-03T04:20:04+00:00 INFO    [run=5bfa13c65fbe4e149566284e12756d95 phase=speed_test event=progress.updated] 测速  1/437 (0%)  有效 0  失败 1  TVB News
2026-10-03T04:20:14+00:00 INFO    [run=5bfa13c65fbe4e149566284e12756d95 phase=speed_test event=progress.updated] 测速  44/437 (10%)  有效 3  失败 41  TVB News
2026-10-03T04:20:25+00:00 INFO    [run=5bfa13c65fbe4e149566284e12756d95 phase=speed_test event=progress.updated] 测速  88/437 (20%)  有效 4  失败 84  翡翠台
2026-10-03T04:20:39+00:00 INFO    [run=5bfa13c65fbe4e149566284e12756d95 phase=speed_test event=progress.updated] 测速  132/437 (30%)  有效 9  失败 123  凤凰卫视
2026-10-03T04:20:55+00:00 INFO    [run=5bfa13c65fbe4e149566284e12756d95 phase=speed_test event=progress.updated] 测速  175/437 (40%)  有效 15  失败 160  凤凰香港
2026-10-03T04:21:05+00:00 INFO    [run=5bfa13c65fbe4e149566284e12756d95 phase=speed_test event=progress.updated] 测速  219/437 (50%)  有效 21  失败 198  凤凰资讯
2026-10-03T04:21:22+00:00 INFO    [run=5bfa13c65fbe4e149566284e12756d95 phase=speed_test event=progress.updated] 测速  263/437 (60%)  有效 23  失败 240  TVBJ1
2026-10-03T04:21:29+00:00 INFO    [run=5bfa13c65fbe4e149566284e12756d95 phase=speed_test event=progress.updated] 测速  306/437 (70%)  有效 25  失败 281  Now新闻台
2026-10-03T04:21:29+00:00 INFO    [run=5bfa13c65fbe4e149566284e12756d95 phase=speed_test event=speed_test.artifacts_written] 测速明细已写入 output/log/speed_test.log，有效结果已写入 output/log/result.log
2026-10-03T04:21:29+00:00 INFO    [run=5bfa13c65fbe4e149566284e12756d95 phase=speed_test event=progress.finished] 测速  437/437  有效 25  失败 281
2026-10-03T04:21:29+00:00 INFO    [run=5bfa13c65fbe4e149566284e12756d95 phase=output event=output.written] 结果文件生成完成：更新 3 个文件
2026-10-03T04:21:29+00:00 INFO    [run=5bfa13c65fbe4e149566284e12756d95 phase=statistics event=statistics.finished] 频道统计完成：测试 306，有效 25
2026-10-03T04:21:29+00:00 INFO    [run=5bfa13c65fbe4e149566284e12756d95 phase=complete event=run.summary] 更新摘要
2026-10-03T04:21:29+00:00 INFO    [run=5bfa13c65fbe4e149566284e12756d95 phase=complete event=run.finished] 更新完成！总耗时：03:18
2026-10-04T05:01:55+00:00 INFO    [event=application.started] IPTV-API 版本: 3.0.0 (构建时间: 2026-08-07 11:45:59)
2026-10-04T05:01:55+00:00 INFO    [phase=prepare event=network.ipv6.checking] 🛜 正在检查当前网络是否支持IPv6...
2026-10-04T05:01:55+00:00 WARNING [phase=prepare event=network.ipv6.unsupported] 当前网络不支持IPv6，别担心，IPv6的结果会被保存下来
2026-10-04T05:01:55+00:00 INFO    [run=ef6b184bc5634ab4a5c30b3556a088fc phase=prepare event=run.started] 性能模式: auto → balance，可用资源: 4.0 CPU / 15.61 GB，并发: 测速 8、媒体探测 2、源抓取 8
2026-10-04T05:01:55+00:00 INFO    [run=ef6b184bc5634ab4a5c30b3556a088fc phase=prepare event=channels.catalog_loaded] 频道目录已加载：白名单 0，黑名单 16，台标 21
2026-10-04T05:01:55+00:00 INFO    [run=ef6b184bc5634ab4a5c30b3556a088fc phase=fetch event=sources.subscribe.summary] 订阅源数量：169，订阅白名单数量：0，停用地址数量：0，有效总数量：167
2026-10-04T05:01:55+00:00 INFO    [run=ef6b184bc5634ab4a5c30b3556a088fc phase=fetch event=progress.started] 正在进行获取订阅源  0/167
2026-10-04T05:01:55+00:00 INFO    [run=ef6b184bc5634ab4a5c30b3556a088fc phase=fetch event=sources.epg.summary] EPG源数量：1，EPG白名单数量：0，停用地址数量：0，有效总数量：1
2026-10-04T05:01:55+00:00 INFO    [run=ef6b184bc5634ab4a5c30b3556a088fc phase=fetch event=progress.started] 正在进行获取EPG源  0/1
2026-10-04T05:01:55+00:00 WARNING [run=ef6b184bc5634ab4a5c30b3556a088fc phase=fetch event=request.retrying] 🔄 请求http://e.erw.cc/e.xml.gz失败，正在进行第1次重试...
2026-10-04T05:01:56+00:00 ERROR   [run=ef6b184bc5634ab4a5c30b3556a088fc phase=fetch event=source.parse_failed] http://e.erw.cc/e.xml.gz 出错：❌ 请求http://e.erw.cc/e.xml.gz失败，已达到最大重试次数
2026-10-04T05:01:56+00:00 INFO    [run=ef6b184bc5634ab4a5c30b3556a088fc phase=fetch event=progress.updated] 正在进行获取EPG源  1/1 (100%)  剩余 0
2026-10-04T05:01:56+00:00 INFO    [run=ef6b184bc5634ab4a5c30b3556a088fc phase=fetch event=sources.epg.finished] EPG源: ✅ 有效地址数量：1，⛔ 停用地址数量：0
2026-10-04T05:01:56+00:00 INFO    [run=ef6b184bc5634ab4a5c30b3556a088fc phase=fetch event=progress.finished] 正在进行获取EPG源  1/1  匹配 0 个频道
2026-10-04T05:01:57+00:00 INFO    [run=ef6b184bc5634ab4a5c30b3556a088fc phase=fetch event=progress.updated] 正在进行获取订阅源  1/167 (0%)  剩余 166
2026-10-04T05:02:02+00:00 INFO    [run=ef6b184bc5634ab4a5c30b3556a088fc phase=fetch event=progress.updated] 正在进行获取订阅源  17/167 (10%)  剩余 150
2026-10-04T05:02:06+00:00 WARNING [run=ef6b184bc5634ab4a5c30b3556a088fc phase=fetch event=request.retrying] 🔄 请求https://d.kstore.dev/download/11344/yunduan.txt失败，正在进行第1次重试...
2026-10-04T05:02:07+00:00 INFO    [run=ef6b184bc5634ab4a5c30b3556a088fc phase=fetch event=progress.updated] 正在进行获取订阅源  34/167 (20%)  剩余 133
2026-10-04T05:02:07+00:00 WARNING [run=ef6b184bc5634ab4a5c30b3556a088fc phase=fetch event=source.request_failed] 订阅源请求失败：❌ 请求https://d.kstore.dev/download/11344/yunduan.txt失败，已达到最大重试次数
2026-10-04T05:02:08+00:00 WARNING [run=ef6b184bc5634ab4a5c30b3556a088fc phase=fetch event=request.retrying] 🔄 请求https://7337.kstore.vip/lib/kjtwzb.txt失败，正在进行第1次重试...
2026-10-04T05:02:09+00:00 WARNING [run=ef6b184bc5634ab4a5c30b3556a088fc phase=fetch event=source.request_failed] 订阅源请求失败：❌ 请求https://7337.kstore.vip/lib/kjtwzb.txt失败，已达到最大重试次数
2026-10-04T05:02:10+00:00 INFO    [run=ef6b184bc5634ab4a5c30b3556a088fc phase=fetch event=progress.updated] 正在进行获取订阅源  51/167 (30%)  剩余 116
2026-10-04T05:02:13+00:00 WARNING [run=ef6b184bc5634ab4a5c30b3556a088fc phase=fetch event=request.retrying] 🔄 请求https://live.zbds.org/tv/iptv4.txt失败，正在进行第1次重试...
2026-10-04T05:02:14+00:00 WARNING [run=ef6b184bc5634ab4a5c30b3556a088fc phase=fetch event=source.request_failed] 订阅源请求失败：❌ 请求https://live.zbds.org/tv/iptv4.txt失败，已达到最大重试次数
2026-10-04T05:02:14+00:00 INFO    [run=ef6b184bc5634ab4a5c30b3556a088fc phase=fetch event=progress.updated] 正在进行获取订阅源  67/167 (40%)  剩余 100
2026-10-04T05:02:17+00:00 WARNING [run=ef6b184bc5634ab4a5c30b3556a088fc phase=fetch event=request.retrying] 🔄 请求https://4key.cn/FP失败，正在进行第1次重试...
2026-10-04T05:02:18+00:00 INFO    [run=ef6b184bc5634ab4a5c30b3556a088fc phase=fetch event=progress.updated] 正在进行获取订阅源  84/167 (50%)  剩余 83
2026-10-04T05:02:19+00:00 WARNING [run=ef6b184bc5634ab4a5c30b3556a088fc phase=fetch event=request.retrying] 🔄 请求https://9730.kstore.space/%E9%A3%9B%E6%89%AC%E7%9B%B4%E6%92%AD.txt失败，正在进行第1次重试...
2026-10-04T05:02:21+00:00 WARNING [run=ef6b184bc5634ab4a5c30b3556a088fc phase=fetch event=source.request_failed] 订阅源请求失败：❌ 请求https://9730.kstore.space/%E9%A3%9B%E6%89%AC%E7%9B%B4%E6%92%AD.txt失败，已达到最大重试次数
2026-10-04T05:02:21+00:00 WARNING [run=ef6b184bc5634ab4a5c30b3556a088fc phase=fetch event=request.retrying] 🔄 请求https://gongdian.top/tv/ku9/webview.txt#JS=https://gongdian.top/tv/ku9/js/webview.js失败，正在进行第1次重试...
2026-10-04T05:02:22+00:00 WARNING [run=ef6b184bc5634ab4a5c30b3556a088fc phase=fetch event=source.request_failed] 订阅源请求失败：❌ 请求https://gongdian.top/tv/ku9/webview.txt#JS=https://gongdian.top/tv/ku9/js/webview.js失败，已达到最大重试次数
2026-10-04T05:02:22+00:00 WARNING [run=ef6b184bc5634ab4a5c30b3556a088fc phase=fetch event=request.retrying] 🔄 请求https://m.iill.top/Live.m3u失败，正在进行第1次重试...
2026-10-04T05:02:24+00:00 WARNING [run=ef6b184bc5634ab4a5c30b3556a088fc phase=fetch event=request.retrying] 🔄 请求https://ds65.tv1288.xyzhttps//cloud.7so.top/f/Bgw1H8/%E5%A4%A7%E6%94%B9.txt失败，正在进行第1次重试...
2026-10-04T05:02:24+00:00 INFO    [run=ef6b184bc5634ab4a5c30b3556a088fc phase=fetch event=progress.updated] 正在进行获取订阅源  101/167 (60%)  剩余 66
2026-10-04T05:02:24+00:00 WARNING [run=ef6b184bc5634ab4a5c30b3556a088fc phase=fetch event=source.request_failed] 订阅源请求失败：❌ 请求https://m.iill.top/Live.m3u失败，已达到最大重试次数
2026-10-04T05:02:25+00:00 WARNING [run=ef6b184bc5634ab4a5c30b3556a088fc phase=fetch event=source.request_failed] 订阅源请求失败：❌ 请求https://ds65.tv1288.xyzhttps//cloud.7so.top/f/Bgw1H8/%E5%A4%A7%E6%94%B9.txt失败，已达到最大重试次数
2026-10-04T05:02:26+00:00 WARNING [run=ef6b184bc5634ab4a5c30b3556a088fc phase=fetch event=request.retrying] 🔄 请求https://iptv.1989.click/playlist.m3u失败，正在进行第1次重试...
2026-10-04T05:02:27+00:00 WARNING [run=ef6b184bc5634ab4a5c30b3556a088fc phase=fetch event=request.retrying] 🔄 请求https://live.445569.xyz/live.m3u失败，正在进行第1次重试...
2026-10-04T05:02:28+00:00 WARNING [run=ef6b184bc5634ab4a5c30b3556a088fc phase=fetch event=source.request_failed] 订阅源请求失败：❌ 请求https://iptv.1989.click/playlist.m3u失败，已达到最大重试次数
2026-10-04T05:02:28+00:00 WARNING [run=ef6b184bc5634ab4a5c30b3556a088fc phase=fetch event=source.request_failed] 订阅源请求失败：❌ 请求https://live.445569.xyz/live.m3u失败，已达到最大重试次数
2026-10-04T05:02:29+00:00 INFO    [run=ef6b184bc5634ab4a5c30b3556a088fc phase=fetch event=progress.updated] 正在进行获取订阅源  117/167 (70%)  剩余 50
2026-10-04T05:02:29+00:00 WARNING [run=ef6b184bc5634ab4a5c30b3556a088fc phase=fetch event=request.retrying] 🔄 请求https://feer-cdn-bp.xpnb.qzz.io/xnkl.txt失败，正在进行第1次重试...
2026-10-04T05:02:29+00:00 WARNING [run=ef6b184bc5634ab4a5c30b3556a088fc phase=fetch event=source.request_failed] 订阅源请求失败：❌ 请求https://4key.cn/FP失败，已达到最大重试次数
2026-10-04T05:02:29+00:00 WARNING [run=ef6b184bc5634ab4a5c30b3556a088fc phase=fetch event=request.retrying] 🔄 请求http://iptv.4666888.xyz/FYTV.txt失败，正在进行第1次重试...
2026-10-04T05:02:30+00:00 WARNING [run=ef6b184bc5634ab4a5c30b3556a088fc phase=fetch event=source.request_failed] 订阅源请求失败：❌ 请求https://feer-cdn-bp.xpnb.qzz.io/xnkl.txt失败，已达到最大重试次数
2026-10-04T05:02:30+00:00 WARNING [run=ef6b184bc5634ab4a5c30b3556a088fc phase=fetch event=request.retrying] 🔄 请求https://live.zbds.org/tv/iptv6.m3u失败，正在进行第1次重试...
2026-10-04T05:02:31+00:00 WARNING [run=ef6b184bc5634ab4a5c30b3556a088fc phase=fetch event=request.retrying] 🔄 请求https://zbds.org/tv/iptv4.m3u失败，正在进行第1次重试...
2026-10-04T05:02:31+00:00 WARNING [run=ef6b184bc5634ab4a5c30b3556a088fc phase=fetch event=source.request_failed] 订阅源请求失败：❌ 请求https://live.zbds.org/tv/iptv6.m3u失败，已达到最大重试次数
2026-10-04T05:02:32+00:00 WARNING [run=ef6b184bc5634ab4a5c30b3556a088fc phase=fetch event=source.request_failed] 订阅源请求失败：❌ 请求https://zbds.org/tv/iptv4.m3u失败，已达到最大重试次数
2026-10-04T05:02:34+00:00 INFO    [run=ef6b184bc5634ab4a5c30b3556a088fc phase=fetch event=progress.updated] 正在进行获取订阅源  134/167 (80%)  剩余 33
2026-10-04T05:02:36+00:00 WARNING [run=ef6b184bc5634ab4a5c30b3556a088fc phase=fetch event=request.retrying] 🔄 请求https://t.freetv.fun/m3u/china_original.txt失败，正在进行第1次重试...
2026-10-04T05:02:37+00:00 WARNING [run=ef6b184bc5634ab4a5c30b3556a088fc phase=fetch event=request.retrying] 🔄 请求http://iptv.4666888.xyz/FYTV.m3u失败，正在进行第1次重试...
2026-10-04T05:02:38+00:00 INFO    [run=ef6b184bc5634ab4a5c30b3556a088fc phase=fetch event=progress.updated] 正在进行获取订阅源  151/167 (90%)  剩余 16
2026-10-04T05:02:42+00:00 WARNING [run=ef6b184bc5634ab4a5c30b3556a088fc phase=fetch event=source.request_failed] 订阅源请求失败：❌ 请求http://iptv.4666888.xyz/FYTV.txt失败，已达到最大重试次数
2026-10-04T05:02:48+00:00 WARNING [run=ef6b184bc5634ab4a5c30b3556a088fc phase=fetch event=source.request_failed] 订阅源请求失败：❌ 请求https://t.freetv.fun/m3u/china_original.txt失败，已达到最大重试次数
2026-10-04T05:02:49+00:00 WARNING [run=ef6b184bc5634ab4a5c30b3556a088fc phase=fetch event=source.request_failed] 订阅源请求失败：❌ 请求http://iptv.4666888.xyz/FYTV.m3u失败，已达到最大重试次数
2026-10-04T05:02:49+00:00 INFO    [run=ef6b184bc5634ab4a5c30b3556a088fc phase=fetch event=progress.updated] 正在进行获取订阅源  167/167 (100%)  剩余 0
2026-10-04T05:02:49+00:00 INFO    [run=ef6b184bc5634ab4a5c30b3556a088fc phase=fetch event=sources.subscribe.finished] 订阅源: ✅ 有效地址数量：167，⛔ 停用地址数量：0
2026-10-04T05:02:49+00:00 INFO    [run=ef6b184bc5634ab4a5c30b3556a088fc phase=fetch event=progress.finished] 正在进行获取订阅源  167/167  未匹配 10000
2026-10-04T05:05:29+00:00 INFO    [run=ef6b184bc5634ab4a5c30b3556a088fc phase=aggregate event=channels.aggregated] 频道数据聚合完成：25 个频道，6391 个接口（IPv4 5111 / IPv6 1280）
2026-10-04T05:05:29+00:00 INFO    [run=ef6b184bc5634ab4a5c30b3556a088fc phase=speed_test event=speed_test.planned] 总接口数量: 6297, 需要进行测速的接口数量: 5031
2026-10-04T05:05:29+00:00 INFO    [run=ef6b184bc5634ab4a5c30b3556a088fc phase=speed_test event=progress.started] 测速  0/5031
2026-10-04T05:05:30+00:00 INFO    [run=ef6b184bc5634ab4a5c30b3556a088fc phase=speed_test event=progress.updated] 测速  1/5031 (0%)  有效 0  失败 1  翡翠台
2026-10-04T05:06:00+00:00 INFO    [run=ef6b184bc5634ab4a5c30b3556a088fc phase=speed_test event=progress.updated] 测速  142/5031 (2%)  有效 8  失败 134  凤凰卫视
2026-10-04T05:06:30+00:00 INFO    [run=ef6b184bc5634ab4a5c30b3556a088fc phase=speed_test event=progress.updated] 测速  217/5031 (4%)  有效 16  失败 201  凤凰香港
2026-10-04T05:07:01+00:00 INFO    [run=ef6b184bc5634ab4a5c30b3556a088fc phase=speed_test event=progress.updated] 测速  307/5031 (6%)  有效 26  失败 281  CCTV-1
2026-10-04T05:07:32+00:00 INFO    [run=ef6b184bc5634ab4a5c30b3556a088fc phase=speed_test event=progress.updated] 测速  368/5031 (7%)  有效 29  失败 339  CCTV-1
2026-10-04T05:08:02+00:00 INFO    [run=ef6b184bc5634ab4a5c30b3556a088fc phase=speed_test event=progress.updated] 测速  416/5031 (8%)  有效 34  失败 382  CCTV-2
2026-10-04T05:08:32+00:00 INFO    [run=ef6b184bc5634ab4a5c30b3556a088fc phase=speed_test event=progress.updated] 测速  479/5031 (9%)  有效 39  失败 440  CCTV-4
2026-10-04T05:09:02+00:00 INFO    [run=ef6b184bc5634ab4a5c30b3556a088fc phase=speed_test event=progress.updated] 测速  543/5031 (10%)  有效 45  失败 498  CCTV-4
2026-10-04T05:09:33+00:00 INFO    [run=ef6b184bc5634ab4a5c30b3556a088fc phase=speed_test event=progress.updated] 测速  597/5031 (11%)  有效 52  失败 545  CCTV-6
2026-10-04T05:10:04+00:00 INFO    [run=ef6b184bc5634ab4a5c30b3556a088fc phase=speed_test event=progress.updated] 测速  651/5031 (12%)  有效 57  失败 594  CCTV-8
2026-10-04T05:10:34+00:00 INFO    [run=ef6b184bc5634ab4a5c30b3556a088fc phase=speed_test event=progress.updated] 测速  710/5031 (14%)  有效 61  失败 649  CCTV-9
2026-10-04T05:11:04+00:00 INFO    [run=ef6b184bc5634ab4a5c30b3556a088fc phase=speed_test event=progress.updated] 测速  760/5031 (15%)  有效 68  失败 692  CCTV-10
2026-10-04T05:11:34+00:00 INFO    [run=ef6b184bc5634ab4a5c30b3556a088fc phase=speed_test event=progress.updated] 测速  829/5031 (16%)  有效 74  失败 755  CCTV-10
2026-10-04T05:12:05+00:00 INFO    [run=ef6b184bc5634ab4a5c30b3556a088fc phase=speed_test event=progress.updated] 测速  882/5031 (17%)  有效 77  失败 805  CCTV-13
2026-10-04T05:12:35+00:00 INFO    [run=ef6b184bc5634ab4a5c30b3556a088fc phase=speed_test event=progress.updated] 测速  945/5031 (18%)  有效 80  失败 865  CCTV-13
2026-10-04T05:13:06+00:00 INFO    [run=ef6b184bc5634ab4a5c30b3556a088fc phase=speed_test event=progress.updated] 测速  1008/5031 (20%)  有效 87  失败 921  CCTV-13
2026-10-04T05:13:37+00:00 INFO    [run=ef6b184bc5634ab4a5c30b3556a088fc phase=speed_test event=progress.updated] 测速  1075/5031 (21%)  有效 107  失败 968  南国都市4K
2026-10-04T05:14:08+00:00 INFO    [run=ef6b184bc5634ab4a5c30b3556a088fc phase=speed_test event=progress.updated] 测速  1113/5031 (22%)  有效 122  失败 991  广州新闻
2026-10-04T05:14:39+00:00 INFO    [run=ef6b184bc5634ab4a5c30b3556a088fc phase=speed_test event=progress.updated] 测速  1177/5031 (23%)  有效 128  失败 1049  江苏卫视
2026-10-04T05:15:09+00:00 INFO    [run=ef6b184bc5634ab4a5c30b3556a088fc phase=speed_test event=progress.updated] 测速  1228/5031 (24%)  有效 133  失败 1095  浙江卫视
2026-10-04T05:15:42+00:00 INFO    [run=ef6b184bc5634ab4a5c30b3556a088fc phase=speed_test event=progress.updated] 测速  1276/5031 (25%)  有效 137  失败 1139  浙江卫视
2026-10-04T05:15:42+00:00 INFO    [run=ef6b184bc5634ab4a5c30b3556a088fc phase=speed_test event=speed_test.artifacts_written] 测速明细已写入 output/log/speed_test.log，有效结果已写入 output/log/result.log
2026-10-04T05:15:42+00:00 INFO    [run=ef6b184bc5634ab4a5c30b3556a088fc phase=speed_test event=progress.finished] 测速  5031/5031  有效 137  失败 1139
2026-10-04T05:15:42+00:00 INFO    [run=ef6b184bc5634ab4a5c30b3556a088fc phase=output event=output.written] 结果文件生成完成：更新 3 个文件
2026-10-04T05:15:42+00:00 INFO    [run=ef6b184bc5634ab4a5c30b3556a088fc phase=statistics event=statistics.finished] 频道统计完成：测试 1276，有效 137
2026-10-04T05:15:43+00:00 INFO    [run=ef6b184bc5634ab4a5c30b3556a088fc phase=complete event=run.summary] 更新摘要
2026-10-04T05:15:43+00:00 INFO    [run=ef6b184bc5634ab4a5c30b3556a088fc phase=complete event=run.finished] 更新完成！总耗时：13:47
2026-10-07T11:15:47+00:00 INFO    [event=application.started] IPTV-API 版本: 3.0.0 (构建时间: 2026-08-07 11:45:59)
2026-10-07T11:15:47+00:00 INFO    [phase=prepare event=network.ipv6.checking] 🛜 正在检查当前网络是否支持IPv6...
2026-10-07T11:15:47+00:00 WARNING [phase=prepare event=network.ipv6.unsupported] 当前网络不支持IPv6，别担心，IPv6的结果会被保存下来
2026-10-07T11:15:47+00:00 INFO    [run=089302db7167407d8cadb93468d3df44 phase=prepare event=run.started] 性能模式: auto → balance，可用资源: 4.0 CPU / 15.61 GB，并发: 测速 8、媒体探测 2、源抓取 8
2026-10-07T11:15:47+00:00 INFO    [run=089302db7167407d8cadb93468d3df44 phase=prepare event=channels.catalog_loaded] 频道目录已加载：白名单 0，黑名单 18，台标 21
2026-10-07T11:15:47+00:00 INFO    [run=089302db7167407d8cadb93468d3df44 phase=fetch event=sources.subscribe.summary] 订阅源数量：169，订阅白名单数量：0，停用地址数量：0，有效总数量：167
2026-10-07T11:15:47+00:00 INFO    [run=089302db7167407d8cadb93468d3df44 phase=fetch event=progress.started] 正在进行获取订阅源  0/167
2026-10-07T11:15:47+00:00 INFO    [run=089302db7167407d8cadb93468d3df44 phase=fetch event=sources.epg.summary] EPG源数量：1，EPG白名单数量：0，停用地址数量：0，有效总数量：1
2026-10-07T11:15:47+00:00 INFO    [run=089302db7167407d8cadb93468d3df44 phase=fetch event=progress.started] 正在进行获取EPG源  0/1
2026-10-07T11:15:48+00:00 WARNING [run=089302db7167407d8cadb93468d3df44 phase=fetch event=request.retrying] 🔄 请求http://e.erw.cc/e.xml.gz失败，正在进行第1次重试...
2026-10-07T11:15:48+00:00 ERROR   [run=089302db7167407d8cadb93468d3df44 phase=fetch event=source.parse_failed] http://e.erw.cc/e.xml.gz 出错：❌ 请求http://e.erw.cc/e.xml.gz失败，已达到最大重试次数
2026-10-07T11:15:48+00:00 INFO    [run=089302db7167407d8cadb93468d3df44 phase=fetch event=progress.updated] 正在进行获取EPG源  1/1 (100%)  剩余 0
2026-10-07T11:15:48+00:00 INFO    [run=089302db7167407d8cadb93468d3df44 phase=fetch event=sources.epg.finished] EPG源: ✅ 有效地址数量：1，⛔ 停用地址数量：0
2026-10-07T11:15:48+00:00 INFO    [run=089302db7167407d8cadb93468d3df44 phase=fetch event=progress.finished] 正在进行获取EPG源  1/1  匹配 0 个频道
2026-10-07T11:15:49+00:00 INFO    [run=089302db7167407d8cadb93468d3df44 phase=fetch event=progress.updated] 正在进行获取订阅源  1/167 (0%)  剩余 166
2026-10-07T11:15:56+00:00 INFO    [run=089302db7167407d8cadb93468d3df44 phase=fetch event=progress.updated] 正在进行获取订阅源  17/167 (10%)  剩余 150
2026-10-07T11:16:00+00:00 WARNING [run=089302db7167407d8cadb93468d3df44 phase=fetch event=request.retrying] 🔄 请求https://d.kstore.dev/download/11344/yunduan.txt失败，正在进行第1次重试...
2026-10-07T11:16:00+00:00 INFO    [run=089302db7167407d8cadb93468d3df44 phase=fetch event=progress.updated] 正在进行获取订阅源  34/167 (20%)  剩余 133
2026-10-07T11:16:01+00:00 WARNING [run=089302db7167407d8cadb93468d3df44 phase=fetch event=source.request_failed] 订阅源请求失败：❌ 请求https://d.kstore.dev/download/11344/yunduan.txt失败，已达到最大重试次数
2026-10-07T11:16:02+00:00 WARNING [run=089302db7167407d8cadb93468d3df44 phase=fetch event=request.retrying] 🔄 请求https://7337.kstore.vip/lib/kjtwzb.txt失败，正在进行第1次重试...
2026-10-07T11:16:03+00:00 WARNING [run=089302db7167407d8cadb93468d3df44 phase=fetch event=request.retrying] 🔄 请求http://rihou.cc:88/zb/migu720plist.txt失败，正在进行第1次重试...
2026-10-07T11:16:03+00:00 WARNING [run=089302db7167407d8cadb93468d3df44 phase=fetch event=source.request_failed] 订阅源请求失败：❌ 请求https://7337.kstore.vip/lib/kjtwzb.txt失败，已达到最大重试次数
2026-10-07T11:16:05+00:00 INFO    [run=089302db7167407d8cadb93468d3df44 phase=fetch event=progress.updated] 正在进行获取订阅源  51/167 (30%)  剩余 116
2026-10-07T11:16:08+00:00 WARNING [run=089302db7167407d8cadb93468d3df44 phase=fetch event=request.retrying] 🔄 请求https://live.zbds.org/tv/iptv4.txt失败，正在进行第1次重试...
2026-10-07T11:16:09+00:00 WARNING [run=089302db7167407d8cadb93468d3df44 phase=fetch event=source.request_failed] 订阅源请求失败：❌ 请求https://live.zbds.org/tv/iptv4.txt失败，已达到最大重试次数
2026-10-07T11:16:09+00:00 INFO    [run=089302db7167407d8cadb93468d3df44 phase=fetch event=progress.updated] 正在进行获取订阅源  67/167 (40%)  剩余 100
2026-10-07T11:16:10+00:00 WARNING [run=089302db7167407d8cadb93468d3df44 phase=fetch event=request.retrying] 🔄 请求https://4key.cn/FP失败，正在进行第1次重试...
2026-10-07T11:16:15+00:00 WARNING [run=089302db7167407d8cadb93468d3df44 phase=fetch event=source.request_failed] 订阅源请求失败：❌ 请求http://rihou.cc:88/zb/migu720plist.txt失败，已达到最大重试次数
2026-10-07T11:16:15+00:00 INFO    [run=089302db7167407d8cadb93468d3df44 phase=fetch event=progress.updated] 正在进行获取订阅源  84/167 (50%)  剩余 83
2026-10-07T11:16:15+00:00 WARNING [run=089302db7167407d8cadb93468d3df44 phase=fetch event=request.retrying] 🔄 请求http://iptv.4666888.xyz/FYTV.txt失败，正在进行第1次重试...
2026-10-07T11:16:16+00:00 WARNING [run=089302db7167407d8cadb93468d3df44 phase=fetch event=request.retrying] 🔄 请求https://9730.kstore.space/%E9%A3%9B%E6%89%AC%E7%9B%B4%E6%92%AD.txt失败，正在进行第1次重试...
2026-10-07T11:16:17+00:00 WARNING [run=089302db7167407d8cadb93468d3df44 phase=fetch event=source.request_failed] 订阅源请求失败：❌ 请求https://9730.kstore.space/%E9%A3%9B%E6%89%AC%E7%9B%B4%E6%92%AD.txt失败，已达到最大重试次数
2026-10-07T11:16:18+00:00 WARNING [run=089302db7167407d8cadb93468d3df44 phase=fetch event=request.retrying] 🔄 请求https://gongdian.top/tv/ku9/webview.txt#JS=https://gongdian.top/tv/ku9/js/webview.js失败，正在进行第1次重试...
2026-10-07T11:16:19+00:00 WARNING [run=089302db7167407d8cadb93468d3df44 phase=fetch event=request.retrying] 🔄 请求https://m.iill.top/Live.m3u失败，正在进行第1次重试...
2026-10-07T11:16:19+00:00 WARNING [run=089302db7167407d8cadb93468d3df44 phase=fetch event=source.request_failed] 订阅源请求失败：❌ 请求https://gongdian.top/tv/ku9/webview.txt#JS=https://gongdian.top/tv/ku9/js/webview.js失败，已达到最大重试次数
2026-10-07T11:16:20+00:00 WARNING [run=089302db7167407d8cadb93468d3df44 phase=fetch event=source.request_failed] 订阅源请求失败：❌ 请求https://m.iill.top/Live.m3u失败，已达到最大重试次数
2026-10-07T11:16:21+00:00 WARNING [run=089302db7167407d8cadb93468d3df44 phase=fetch event=request.retrying] 🔄 请求http://rihou.cc:555/gggg.nzk失败，正在进行第1次重试...
2026-10-07T11:16:22+00:00 WARNING [run=089302db7167407d8cadb93468d3df44 phase=fetch event=source.request_failed] 订阅源请求失败：❌ 请求https://4key.cn/FP失败，已达到最大重试次数
2026-10-07T11:16:22+00:00 INFO    [run=089302db7167407d8cadb93468d3df44 phase=fetch event=progress.updated] 正在进行获取订阅源  101/167 (60%)  剩余 66
2026-10-07T11:16:22+00:00 WARNING [run=089302db7167407d8cadb93468d3df44 phase=fetch event=request.retrying] 🔄 请求https://ds65.tv1288.xyzhttps//cloud.7so.top/f/Bgw1H8/%E5%A4%A7%E6%94%B9.txt失败，正在进行第1次重试...
2026-10-07T11:16:23+00:00 WARNING [run=089302db7167407d8cadb93468d3df44 phase=fetch event=source.request_failed] 订阅源请求失败：❌ 请求https://ds65.tv1288.xyzhttps//cloud.7so.top/f/Bgw1H8/%E5%A4%A7%E6%94%B9.txt失败，已达到最大重试次数
2026-10-07T11:16:24+00:00 WARNING [run=089302db7167407d8cadb93468d3df44 phase=fetch event=request.retrying] 🔄 请求https://iptv.1989.click/playlist.m3u失败，正在进行第1次重试...
2026-10-07T11:16:25+00:00 WARNING [run=089302db7167407d8cadb93468d3df44 phase=fetch event=request.retrying] 🔄 请求https://live.445569.xyz/live.m3u失败，正在进行第1次重试...
2026-10-07T11:16:25+00:00 WARNING [run=089302db7167407d8cadb93468d3df44 phase=fetch event=source.request_failed] 订阅源请求失败：❌ 请求https://iptv.1989.click/playlist.m3u失败，已达到最大重试次数
2026-10-07T11:16:26+00:00 WARNING [run=089302db7167407d8cadb93468d3df44 phase=fetch event=source.request_failed] 订阅源请求失败：❌ 请求https://live.445569.xyz/live.m3u失败，已达到最大重试次数
2026-10-07T11:16:27+00:00 WARNING [run=089302db7167407d8cadb93468d3df44 phase=fetch event=source.request_failed] 订阅源请求失败：❌ 请求http://iptv.4666888.xyz/FYTV.txt失败，已达到最大重试次数
2026-10-07T11:16:27+00:00 INFO    [run=089302db7167407d8cadb93468d3df44 phase=fetch event=progress.updated] 正在进行获取订阅源  117/167 (70%)  剩余 50
2026-10-07T11:16:27+00:00 WARNING [run=089302db7167407d8cadb93468d3df44 phase=fetch event=request.retrying] 🔄 请求https://feer-cdn-bp.xpnb.qzz.io/xnkl.txt失败，正在进行第1次重试...
2026-10-07T11:16:28+00:00 WARNING [run=089302db7167407d8cadb93468d3df44 phase=fetch event=source.request_failed] 订阅源请求失败：❌ 请求https://feer-cdn-bp.xpnb.qzz.io/xnkl.txt失败，已达到最大重试次数
2026-10-07T11:16:28+00:00 WARNING [run=089302db7167407d8cadb93468d3df44 phase=fetch event=request.retrying] 🔄 请求https://live.zbds.org/tv/iptv6.m3u失败，正在进行第1次重试...
2026-10-07T11:16:28+00:00 WARNING [run=089302db7167407d8cadb93468d3df44 phase=fetch event=request.retrying] 🔄 请求https://zbds.org/tv/iptv4.m3u失败，正在进行第1次重试...
2026-10-07T11:16:29+00:00 WARNING [run=089302db7167407d8cadb93468d3df44 phase=fetch event=source.request_failed] 订阅源请求失败：❌ 请求https://live.zbds.org/tv/iptv6.m3u失败，已达到最大重试次数
2026-10-07T11:16:30+00:00 WARNING [run=089302db7167407d8cadb93468d3df44 phase=fetch event=source.request_failed] 订阅源请求失败：❌ 请求https://zbds.org/tv/iptv4.m3u失败，已达到最大重试次数
2026-10-07T11:16:31+00:00 INFO    [run=089302db7167407d8cadb93468d3df44 phase=fetch event=progress.updated] 正在进行获取订阅源  134/167 (80%)  剩余 33
2026-10-07T11:16:33+00:00 WARNING [run=089302db7167407d8cadb93468d3df44 phase=fetch event=source.request_failed] 订阅源请求失败：❌ 请求http://rihou.cc:555/gggg.nzk失败，已达到最大重试次数
2026-10-07T11:16:35+00:00 WARNING [run=089302db7167407d8cadb93468d3df44 phase=fetch event=request.retrying] 🔄 请求https://t.freetv.fun/m3u/china_original.txt失败，正在进行第1次重试...
2026-10-07T11:16:35+00:00 INFO    [run=089302db7167407d8cadb93468d3df44 phase=fetch event=progress.updated] 正在进行获取订阅源  151/167 (90%)  剩余 16
2026-10-07T11:16:36+00:00 WARNING [run=089302db7167407d8cadb93468d3df44 phase=fetch event=request.retrying] 🔄 请求http://iptv.4666888.xyz/FYTV.m3u失败，正在进行第1次重试...
2026-10-07T11:16:47+00:00 WARNING [run=089302db7167407d8cadb93468d3df44 phase=fetch event=source.request_failed] 订阅源请求失败：❌ 请求https://t.freetv.fun/m3u/china_original.txt失败，已达到最大重试次数
2026-10-07T11:16:48+00:00 WARNING [run=089302db7167407d8cadb93468d3df44 phase=fetch event=source.request_failed] 订阅源请求失败：❌ 请求http://iptv.4666888.xyz/FYTV.m3u失败，已达到最大重试次数
2026-10-07T11:16:48+00:00 INFO    [run=089302db7167407d8cadb93468d3df44 phase=fetch event=progress.updated] 正在进行获取订阅源  167/167 (100%)  剩余 0
2026-10-07T11:16:48+00:00 INFO    [run=089302db7167407d8cadb93468d3df44 phase=fetch event=sources.subscribe.finished] 订阅源: ✅ 有效地址数量：167，⛔ 停用地址数量：0
2026-10-07T11:16:48+00:00 INFO    [run=089302db7167407d8cadb93468d3df44 phase=fetch event=progress.finished] 正在进行获取订阅源  167/167  未匹配 10000
2026-10-07T11:19:12+00:00 INFO    [run=089302db7167407d8cadb93468d3df44 phase=aggregate event=channels.aggregated] 频道数据聚合完成：25 个频道，5342 个接口（IPv4 4977 / IPv6 365）
2026-10-07T11:19:12+00:00 INFO    [run=089302db7167407d8cadb93468d3df44 phase=speed_test event=speed_test.planned] 总接口数量: 5208, 需要进行测速的接口数量: 4890
2026-10-07T11:19:12+00:00 INFO    [run=089302db7167407d8cadb93468d3df44 phase=speed_test event=progress.started] 测速  0/4890
2026-10-07T11:19:12+00:00 INFO    [run=089302db7167407d8cadb93468d3df44 phase=speed_test event=progress.updated] 测速  1/4890 (0%)  有效 0  失败 1  翡翠台
2026-10-07T11:19:42+00:00 INFO    [run=089302db7167407d8cadb93468d3df44 phase=speed_test event=progress.updated] 测速  90/4890 (1%)  有效 2  失败 88  无线新闻
2026-10-07T11:20:13+00:00 INFO    [run=089302db7167407d8cadb93468d3df44 phase=speed_test event=progress.updated] 测速  183/4890 (3%)  有效 10  失败 173  凤凰卫视
2026-10-07T11:20:44+00:00 INFO    [run=089302db7167407d8cadb93468d3df44 phase=speed_test event=progress.updated] 测速  243/4890 (4%)  有效 10  失败 233  凤凰卫视
2026-10-07T11:21:15+00:00 INFO    [run=089302db7167407d8cadb93468d3df44 phase=speed_test event=progress.updated] 测速  327/4890 (6%)  有效 13  失败 314  凤凰香港
2026-10-07T11:21:46+00:00 INFO    [run=089302db7167407d8cadb93468d3df44 phase=speed_test event=progress.updated] 测速  407/4890 (8%)  有效 18  失败 389  凤凰资讯
2026-10-07T11:22:16+00:00 INFO    [run=089302db7167407d8cadb93468d3df44 phase=speed_test event=progress.updated] 测速  481/4890 (9%)  有效 23  失败 458  CCTV-1
2026-10-07T11:22:46+00:00 INFO    [run=089302db7167407d8cadb93468d3df44 phase=speed_test event=progress.updated] 测速  536/4890 (10%)  有效 23  失败 513  CCTV-1
2026-10-07T11:23:18+00:00 INFO    [run=089302db7167407d8cadb93468d3df44 phase=speed_test event=progress.updated] 测速  593/4890 (12%)  有效 32  失败 561  CCTV-2
2026-10-07T11:23:48+00:00 INFO    [run=089302db7167407d8cadb93468d3df44 phase=speed_test event=progress.updated] 测速  653/4890 (13%)  有效 33  失败 620  CCTV-2
2026-10-07T11:24:19+00:00 INFO    [run=089302db7167407d8cadb93468d3df44 phase=speed_test event=progress.updated] 测速  703/4890 (14%)  有效 37  失败 666  CCTV-4
2026-10-07T11:24:50+00:00 INFO    [run=089302db7167407d8cadb93468d3df44 phase=speed_test event=progress.updated] 测速  759/4890 (15%)  有效 39  失败 720  CCTV-4
2026-10-07T11:25:21+00:00 INFO    [run=089302db7167407d8cadb93468d3df44 phase=speed_test event=progress.updated] 测速  813/4890 (16%)  有效 40  失败 773  CCTV-4
2026-10-07T11:25:51+00:00 INFO    [run=089302db7167407d8cadb93468d3df44 phase=speed_test event=progress.updated] 测速  869/4890 (17%)  有效 44  失败 825  CCTV-6
2026-10-07T11:26:22+00:00 INFO    [run=089302db7167407d8cadb93468d3df44 phase=speed_test event=progress.updated] 测速  926/4890 (18%)  有效 51  失败 875  CCTV-8
2026-10-07T11:26:53+00:00 INFO    [run=089302db7167407d8cadb93468d3df44 phase=speed_test event=progress.updated] 测速  985/4890 (20%)  有效 52  失败 933  CCTV-8
2026-10-07T11:27:23+00:00 INFO    [run=089302db7167407d8cadb93468d3df44 phase=speed_test event=progress.updated] 测速  1036/4890 (21%)  有效 54  失败 982  CCTV-8
2026-10-07T11:27:53+00:00 INFO    [run=089302db7167407d8cadb93468d3df44 phase=speed_test event=progress.updated] 测速  1090/4890 (22%)  有效 58  失败 1032  CCTV-9
2026-10-07T11:28:24+00:00 INFO    [run=089302db7167407d8cadb93468d3df44 phase=speed_test event=progress.updated] 测速  1143/4890 (23%)  有效 59  失败 1084  CCTV-9
2026-10-07T11:28:54+00:00 INFO    [run=089302db7167407d8cadb93468d3df44 phase=speed_test event=progress.updated] 测速  1196/4890 (24%)  有效 61  失败 1135  CCTV-9
2026-10-07T11:29:25+00:00 INFO    [run=089302db7167407d8cadb93468d3df44 phase=speed_test event=progress.updated] 测速  1245/4890 (25%)  有效 67  失败 1178  CCTV-10
2026-10-07T11:29:55+00:00 INFO    [run=089302db7167407d8cadb93468d3df44 phase=speed_test event=progress.updated] 测速  1305/4890 (26%)  有效 70  失败 1235  CCTV-10
2026-10-07T11:30:26+00:00 INFO    [run=089302db7167407d8cadb93468d3df44 phase=speed_test event=progress.updated] 测速  1372/4890 (28%)  有效 84  失败 1288  广东珠江
2026-10-07T11:30:57+00:00 INFO    [run=089302db7167407d8cadb93468d3df44 phase=speed_test event=progress.updated] 测速  1439/4890 (29%)  有效 98  失败 1341  南国都市4K
2026-10-07T11:31:27+00:00 INFO    [run=089302db7167407d8cadb93468d3df44 phase=speed_test event=progress.updated] 测速  1495/4890 (30%)  有效 113  失败 1382  江苏卫视
2026-10-07T11:31:57+00:00 INFO    [run=089302db7167407d8cadb93468d3df44 phase=speed_test event=progress.updated] 测速  1550/4890 (31%)  有效 115  失败 1435  江苏卫视
2026-10-07T11:32:27+00:00 INFO    [run=089302db7167407d8cadb93468d3df44 phase=speed_test event=progress.updated] 测速  1605/4890 (32%)  有效 115  失败 1490  江苏卫视
2026-10-07T11:32:58+00:00 INFO    [run=089302db7167407d8cadb93468d3df44 phase=speed_test event=progress.updated] 测速  1658/4890 (33%)  有效 123  失败 1535  浙江卫视
2026-10-07T11:33:29+00:00 INFO    [run=089302db7167407d8cadb93468d3df44 phase=speed_test event=progress.updated] 测速  1713/4890 (35%)  有效 124  失败 1589  浙江卫视
2026-10-07T11:33:59+00:00 INFO    [run=089302db7167407d8cadb93468d3df44 phase=speed_test event=progress.updated] 测速  1767/4890 (36%)  有效 124  失败 1643  浙江卫视
2026-10-07T11:34:11+00:00 INFO    [run=089302db7167407d8cadb93468d3df44 phase=speed_test event=speed_test.artifacts_written] 测速明细已写入 output/log/speed_test.log，有效结果已写入 output/log/result.log
2026-10-07T11:34:11+00:00 INFO    [run=089302db7167407d8cadb93468d3df44 phase=speed_test event=progress.finished] 测速  4890/4890  有效 125  失败 1655
2026-10-07T11:34:11+00:00 INFO    [run=089302db7167407d8cadb93468d3df44 phase=output event=output.written] 结果文件生成完成：更新 3 个文件
2026-10-07T11:34:11+00:00 INFO    [run=089302db7167407d8cadb93468d3df44 phase=statistics event=statistics.finished] 频道统计完成：测试 1780，有效 125
2026-10-07T11:34:11+00:00 INFO    [run=089302db7167407d8cadb93468d3df44 phase=complete event=run.summary] 更新摘要
2026-10-07T11:34:11+00:00 INFO    [run=089302db7167407d8cadb93468d3df44 phase=complete event=run.finished] 更新完成！总耗时：18:23
